,Unnamed: 0,speed,kmh,yaw,rad,pirad,Fuzzy Value,Driver
1,1,4.039999962,14.54399986,29.71372781,0.51881112,0.165076266,0.5,Normal
2,2,4.199999809,15.11999931,22.60497571,0.394690052,0.125583198,0.5000000000000001,Normal
3,3,4.630000114,16.66800041,25.84657876,0.45128947,0.143592104,0.5,Normal
4,4,4.730000019,17.02800007,54.32799067,0.948583964,0.30182217,0.5,Normal
5,5,4.739999771,17.06399918,37.06370679,0.647144087,0.205909482,0.5000000000000001,Normal
6,6,4.900000095,17.64000034,27.29276597,0.476540358,0.151626478,0.5000000000000001,Normal
7,7,5.039999962,18.14399986,15.51907826,0.270968033,0.086217101,0.5,Normal
8,8,5.179999828,18.64799938,18.32299502,0.31992531,0.101794417,0.4999999999999999,Normal
9,9,5.099999905,18.35999966,22.64730943,0.395429212,0.125818386,0.5,Normal
10,10,4.599999905,16.55999966,24.63382438,0.430114394,0.13685458,0.5000000000000001,Normal
11,11,5.300000191,19.08000069,29.16777498,0.509278611,0.162043194,0.4999999999999999,Normal
12,12,5.610000134,20.19600048,26.99846693,0.471401804,0.149991483,0.4999999999999999,Normal
13,13,5.78000021,20.80800076,32.58978834,0.56902805,0.18105438,0.4999999999999999,Normal
14,14,5.880000114,21.16800041,33.73160432,0.58896452,0.187397802,0.4999999999999999,Normal
15,15,5.900000095,21.24000034,37.89188248,0.661604297,0.210510458,0.4999999999999999,Normal
16,16,6.079999924,21.88799973,36.55131522,0.638197567,0.203062862,0.4999999999999999,Normal
17,17,5.880000114,21.16800041,36.58041111,0.638705591,0.203224506,0.4999999999999999,Normal
18,18,5.639999866,20.30399952,34.63675129,0.604768673,0.192426396,0.4999999999999999,Normal
19,19,6,21.6,32.88810139,0.574236691,0.182711674,0.4999999999999999,Normal
20,20,6.360000134,22.89600048,31.73562627,0.554114109,0.176309035,0.4999999999999999,Normal
21,21,6.409999847,23.07599945,26.08907501,0.455523532,0.144939306,0.4999999999999999,Normal
22,22,6.53000021,23.50800076,9.850781629,0.171997774,0.054726565,0.4999999999999999,Normal
23,23,6.570000172,23.65200062,-13.32660194,-0.232686701,-0.074036677,0.4999999999999999,Normal
24,24,6.239999771,22.46399918,-13.01496097,-0.22724535,-0.072305339,0.4999999999999999,Normal
25,25,5.519999981,19.87199993,-14.61701559,-0.255217733,-0.081205642,0.5,Normal
26,26,5.400000095,19.44000034,-9.988673699,-0.174405414,-0.055492632,0.5,Normal
27,27,5.710000038,20.55600014,-7.392918916,-0.129082711,-0.041071772,0.4999999999999999,Normal
28,28,5.75,20.7,-5.701477497,-0.099549607,-0.031674875,0.4999999999999999,Normal
29,29,6.099999905,21.95999966,-11.33022093,-0.197829254,-0.062945672,0.4999999999999999,Normal
30,30,6.619999886,23.83199959,-28.87183078,-0.504111331,-0.16039906,0.4999999999999999,Normal
31,31,6.650000095,23.94000034,-29.99361422,-0.523698026,-0.16663119,0.4999999999999999,Normal
32,32,7.760000229,27.93600082,-29.24151869,-0.510566199,-0.162452882,0.4999999999999999,Normal
33,33,7.349999905,26.45999966,-35.90785203,-0.626962496,-0.199488067,0.4999999999999999,Normal
34,34,7.550000191,27.18000069,-25.12050491,-0.43861199,-0.139558361,0.4999999999999999,Normal
35,35,7.630000114,27.46800041,-25.01448072,-0.436760774,-0.138969337,0.4999999999999999,Normal
36,36,8.170000076,29.41200027,-30.84834557,-0.538621907,-0.171379698,0.4999999999999999,Normal
37,37,8.420000076,30.31200027,-34.43533499,-0.601251881,-0.191307417,0.4887459742199761,Normal
38,38,8.369999886,30.13199959,-49.07545352,-0.856872998,-0.272641408,0.4952044452548074,Normal
39,39,7.820000172,28.15200062,-43.13742402,-0.753193118,-0.239652356,0.4999999999999999,Normal
40,40,7.900000095,28.44000034,-38.45214099,-0.671386589,-0.213623006,0.4999999999999999,Normal
41,41,7.940000057,28.58400021,-42.35910346,-0.739603394,-0.235328353,0.4999999999999999,Normal
42,42,8.93999958,32.18399849,-49.09538053,-0.85722093,-0.272752114,0.4257961315885875,Normal
43,43,9.520000458,34.27200165,-47.21999992,-0.824476189,-0.262333333,0.3603192154718619,Normal
44,44,8.109999657,29.19599877,-52.20469399,-0.91151053,-0.290026078,0.4999999999999999,Normal
45,45,7.809999943,28.11599979,-85.15833782,-1.486891613,-0.473101877,0.4999999999999999,Normal
46,46,8.109999657,29.19599877,-91.10561802,-1.590733013,-0.506142322,0.4955353208610397,Normal
47,47,8.449999809,30.41999931,-98.67233825,-1.72285035,-0.548179657,0.4660597296040171,Normal
48,48,8.710000038,31.35600014,-99.58436374,-1.738774605,-0.553246465,0.4528436359877401,Normal
49,49,8.920000076,32.11200027,-69.05623913,-1.205743858,-0.383645773,0.4281106979378385,Normal
50,50,9.180000305,33.0480011,-59.0666684,-1.031322782,-0.328148158,0.3984184111815685,Normal
51,51,9.199999809,33.11999931,-69.30700957,-1.210122389,-0.385038942,0.3961628761484221,Normal
52,52,9.109999657,32.79599877,-64.57513831,-1.127502415,-0.358750768,0.40633918005173375,Normal
53,53,8.989999771,32.36399918,-68.24610303,-1.191598624,-0.379145017,0.4200352782539709,Normal
54,54,8.640000343,31.10400123,-69.79500868,-1.218643009,-0.387750048,0.4612964131942274,Normal
55,55,8.350000381,30.06000137,-63.42785519,-1.107470487,-0.352376973,0.4978137228713757,Normal
56,56,8.319999695,29.9519989,-55.14183233,-0.962793898,-0.306343513,0.4999999999999999,Normal
57,57,8.420000076,30.31200027,-59.61783294,-1.040946289,-0.331210183,0.4887459742199761,Normal
58,58,8.699999809,31.31999931,-50.69117049,-0.885083929,-0.281617614,0.4540440238729519,Normal
59,59,8.859999657,31.89599877,-61.54184521,-1.074540154,-0.34189914,0.4350932497973669,Normal
60,60,8.539999962,30.74399986,-54.77911467,-0.956460732,-0.304328415,0.4735932246772415,Normal
61,61,8.550000191,30.78000069,-47.36037812,-0.826927237,-0.263113212,0.4723508342049806,Normal
62,62,8.43999958,30.38399849,-47.23913989,-0.824810379,-0.262439666,0.4861875970495495,Normal
63,63,8.539999962,30.74399986,-36.49688726,-0.637247238,-0.202760485,0.4735932246772415,Normal
64,64,8.829999924,31.78799973,-49.0597388,-0.856598614,-0.272554104,0.4386078346397749,Normal
65,65,9.170000076,33.01200027,-68.03833053,-1.187970851,-0.377990725,0.39954739134000977,Normal
66,66,9.100000381,32.76000137,-74.24784627,-1.296390967,-0.412488035,0.4074743267666573,Normal
67,67,9.340000153,33.62400055,-74.04691645,-1.292882668,-0.411371758,0.38044251645906,Normal
68,68,9.239999771,33.26399918,-71.92856396,-1.255895561,-0.399603133,0.3916601788014832,Normal
69,69,9.239999771,33.26399918,-75.08207003,-1.310956778,-0.417122611,0.3916601788014832,Normal
70,70,9,32.4,-66.28414258,-1.157342172,-0.368245237,0.4188872440167778,Normal
71,71,8.979999542,32.32799835,-69.13688776,-1.207152009,-0.384093821,0.4211846572181072,Normal
72,72,8.68999958,31.28399849,-81.47035741,-1.422498304,-0.452613097,0.4552467430797762,Normal
73,73,7.909999847,28.47599945,-78.28829057,-1.366938407,-0.434934948,0.4999999999999999,Normal
74,74,7.440000057,26.78400021,-104.9328007,-1.832160012,-0.582960004,0.4428213595652511,Normal
75,75,7.389999866,26.60399952,-83.9518769,-1.465826422,-0.466399316,0.4999999999999999,Normal
76,76,7.159999847,25.77599945,-89.17046402,-1.55694461,-0.495391467,0.4999999999999999,Normal
77,77,7.289999962,26.24399986,-83.40210218,-1.456227181,-0.463345012,0.4999999999999999,Normal
78,78,7.289999962,26.24399986,-73.79055854,-1.288406578,-0.409947547,0.4999999999999999,Normal
79,79,7.21999979,25.99199924,-68.9488541,-1.203868881,-0.383049189,0.4999999999999999,Normal
80,80,7.53000021,27.10800076,-55.6329374,-0.971368748,-0.309071874,0.4999999999999999,Normal
81,81,7.53000021,27.10800076,-52.47792315,-0.916281198,-0.291544018,0.4999999999999999,Normal
82,82,7.630000114,27.46800041,-43.9637742,-0.767621454,-0.24424319,0.4999999999999999,Normal
83,83,7.900000095,28.44000034,-41.95370831,-0.732525066,-0.233076157,0.4999999999999999,Normal
84,84,7.880000114,28.36800041,-35.87078179,-0.626315238,-0.199282121,0.4999999999999999,Normal
85,85,7.389999866,26.60399952,-20.79937479,-0.363163687,-0.115552082,0.4999999999999999,Normal
86,86,7.599999905,27.35999966,-26.30103792,-0.459224472,-0.146116877,0.4999999999999999,Normal
87,87,7.639999866,27.50399952,-27.81171583,-0.485601388,-0.154509532,0.4999999999999999,Normal
88,88,7.5,27,-30.54120031,-0.533259053,-0.169673335,0.4999999999999999,Normal
89,89,8,28.8,-39.48867466,-0.689484796,-0.219381526,0.4999999999999999,Normal
90,90,8.18999958,29.48399849,-34.00447231,-0.593728882,-0.188913735,0.4999999999999999,Normal
91,91,8,28.8,-43.03645926,-0.751430241,-0.23909144,0.4999999999999999,Normal
92,92,7.949999809,28.61999931,-37.82522722,-0.660440475,-0.210140151,0.4999999999999999,Normal
93,93,7.860000134,28.29600048,-41.32067349,-0.721472077,-0.229559297,0.4999999999999999,Normal
94,94,7.949999809,28.61999931,-37.73064281,-0.658789001,-0.209614682,0.4999999999999999,Normal
95,95,8.06000042,29.01600151,-46.66051417,-0.81470739,-0.259225079,0.4999999999999999,Normal
96,96,8.109999657,29.19599877,-51.29982825,-0.895711287,-0.284999046,0.4999999999999999,Normal
97,97,8.199999809,29.51999931,-57.4644731,-1.003347943,-0.319247073,0.4999999999999999,Normal
98,98,8.109999657,29.19599877,-56.17160026,-0.980773973,-0.312064446,0.4999999999999999,Normal
99,99,8.270000458,29.77200165,-54.29990646,-0.948093605,-0.301666147,0.4999999999999999,Normal
100,100,7.96999979,28.69199924,-55.58120693,-0.970465518,-0.308784483,0.4999999999999999,Normal
101,101,7.940000057,28.58400021,-72.48668709,-1.265640568,-0.402703817,0.4999999999999999,Normal
102,102,7.849999905,28.25999966,-68.55495344,-1.196991251,-0.380860852,0.4999999999999999,Normal
103,103,8.220000267,29.59200096,-66.14410097,-1.154897001,-0.367467228,0.4999999999999999,Normal
104,104,8.010000229,28.83600082,-65.36598769,-1.141310896,-0.363144376,0.4999999999999999,Normal
105,105,7.989999771,28.76399918,-78.48231328,-1.370326105,-0.436012852,0.4999999999999999,Normal
106,106,7.849999905,28.25999966,-78.44599904,-1.369692047,-0.435811106,0.4999999999999999,Normal
107,107,7.820000172,28.15200062,-74.21445107,-1.295807876,-0.412302506,0.4999999999999999,Normal
108,108,8.109999657,29.19599877,-81.07546434,-1.415603346,-0.450419246,0.4999999999999999,Normal
109,109,7.840000153,28.22400055,-76.89402745,-1.34259413,-0.427189041,0.4999999999999999,Normal
110,110,8.109999657,29.19599877,-78.1547693,-1.364607083,-0.434193163,0.4999999999999999,Normal
111,111,8.279999733,29.80799904,-76.97839067,-1.344067139,-0.427657726,0.4999999999999999,Normal
112,112,8.109999657,29.19599877,-80.0779667,-1.39818672,-0.444877593,0.4999999999999999,Normal
113,113,8.06000042,29.01600151,-84.9069943,-1.482503075,-0.471705524,0.4999999999999999,Normal
114,114,7.960000038,28.65600014,-85.78996717,-1.497920062,-0.476610929,0.4999999999999999,Normal
115,115,7.949999809,28.61999931,-78.43095027,-1.36942929,-0.435727502,0.4999999999999999,Normal
116,116,8.18999958,29.48399849,-78.12548056,-1.364095692,-0.434030448,0.4999999999999999,Normal
117,117,8.520000458,30.67200165,-88.36493969,-1.542879899,-0.490916332,0.4760868468273886,Normal
118,118,8.420000076,30.31200027,-93.76735452,-1.637207777,-0.520929747,0.4849631391810463,Normal
119,119,7.769999981,27.97199993,-95.28032696,-1.663624756,-0.52933515,0.4790569852173961,Normal
120,120,7.75,27.9,-92.9506417,-1.622947712,-0.516392454,0.4881816109936616,Normal
121,121,7.699999809,27.71999931,-95.9313483,-1.674991796,-0.532951935,0.4765371017747952,Normal
122,122,7.880000114,28.36800041,-90.04218186,-1.57216508,-0.500234344,0.4998288321031635,Normal
123,123,7.809999943,28.11599979,-81.68055474,-1.426168416,-0.45378086,0.4999999999999999,Normal
124,124,7.670000076,27.61200027,-79.41630487,-1.386633895,-0.441201694,0.4999999999999999,Normal
125,125,7.610000134,27.39600048,-90.81928236,-1.585733502,-0.504551569,0.49668729946346,Normal
126,126,7.760000229,27.93600082,-71.2385338,-1.243847416,-0.395769632,0.4999999999999999,Normal
127,127,7.599999905,27.35999966,-63.95825049,-1.116731358,-0.355323614,0.4999999999999999,Normal
128,128,7.670000076,27.61200027,-65.84576074,-1.149687886,-0.365809782,0.4999999999999999,Normal
129,129,7.590000153,27.32400055,-72.37714502,-1.263727929,-0.40209525,0.4999999999999999,Normal
130,130,7.710000038,27.75600014,-71.99500029,-1.257055561,-0.399972224,0.4999999999999999,Normal
131,131,7.630000114,27.46800041,-71.9927127,-1.257015619,-0.399959515,0.4999999999999999,Normal
132,132,7.809999943,28.11599979,-75.7927211,-1.323364972,-0.421070673,0.4999999999999999,Normal
133,133,7.909999847,28.47599945,-67.3401879,-1.175781059,-0.374112155,0.4999999999999999,Normal
134,134,7.920000076,28.51200027,-63.13271938,-1.102317323,-0.35073733,0.4999999999999999,Normal
135,135,7.980000019,28.72800007,-49.11353278,-0.857537874,-0.27285296,0.4999999999999999,Normal
136,136,8.109999657,29.19599877,-56.18377308,-0.980986514,-0.312132073,0.4999999999999999,Normal
137,137,8.159999847,29.37599945,-56.24735761,-0.98209672,-0.31248532,0.4999999999999999,Normal
138,138,8.06000042,29.01600151,-53.91047405,-0.941293991,-0.299502634,0.4999999999999999,Normal
139,139,7.980000019,28.72800007,-54.67443056,-0.954632915,-0.303746836,0.4999999999999999,Normal
140,140,8.130000114,29.26800041,-53.79782581,-0.939327117,-0.29887681,0.4999999999999999,Normal
141,141,7.849999905,28.25999966,-48.52148121,-0.847200466,-0.269563785,0.4999999999999999,Normal
142,142,7.619999886,27.43199959,-46.88278515,-0.818588312,-0.260459918,0.4999999999999999,Normal
143,143,7.510000229,27.03600082,-44.20363241,-0.771809455,-0.245575736,0.4999999999999999,Normal
144,144,7.5,27,-42.98196612,-0.750478774,-0.238788701,0.4999999999999999,Normal
145,145,7.579999924,27.28799973,-42.47900337,-0.741696884,-0.235994463,0.4999999999999999,Normal
146,146,7.880000114,28.36800041,-45.18409829,-0.7889287,-0.251022768,0.4999999999999999,Normal
147,147,8.06000042,29.01600151,-50.71032684,-0.885418405,-0.281724038,0.4999999999999999,Normal
148,148,8.18999958,29.48399849,-59.70080734,-1.042395049,-0.331671152,0.4999999999999999,Normal
149,149,8.409999847,30.27599945,-67.22483166,-1.173766902,-0.373471287,0.4900304713223035,Normal
150,150,8.5,30.6,-70.67491759,-1.234006498,-0.392638431,0.4785928241192939,Normal
151,151,8.579999924,30.88799973,-77.40832529,-1.351573934,-0.430046252,0.4686411927632835,Normal
152,152,8.529999733,30.70799904,-75.99871001,-1.326961603,-0.422215056,0.4748385874760532,Normal
153,153,8.579999924,30.88799973,-74.84703072,-1.306852917,-0.415816837,0.4686411927632835,Normal
154,154,8.649999619,31.13999863,-71.33831838,-1.245589686,-0.396323991,0.46008157987336895,Normal
155,155,8.729999542,31.42799835,-69.73979743,-1.217679003,-0.387443319,0.4504498202264792,Normal
156,156,8.420000076,30.31200027,-82.80345629,-1.445774634,-0.460019202,0.4887459742199761,Normal
157,157,7.550000191,27.18000069,-85.72224863,-1.496737674,-0.476234715,0.4999999999999999,Normal
158,158,6.829999924,24.58799973,-80.61141406,-1.40750088,-0.447841189,0.4999999999999999,Normal
159,159,6.380000114,22.96800041,-77.84147095,-1.359136794,-0.432452616,0.4999999999999999,Normal
160,160,6.059999943,21.81599979,-76.28135883,-1.331896741,-0.423785327,0.4999999999999999,Normal
161,161,5.690000057,20.48400021,-77.62131427,-1.355292789,-0.431229524,0.4999999999999999,Normal
162,162,5.639999866,20.30399952,-87.99122172,-1.536354665,-0.488840121,0.4999999999999999,Normal
163,163,6.090000153,21.92400055,-90.62609605,-1.582360407,-0.503478311,0.49746620414266496,Normal
164,164,6.289999962,22.64399986,-87.82241951,-1.533407325,-0.487902331,0.4999999999999999,Normal
165,165,6.349999905,22.85999966,-89.36843729,-1.560401286,-0.496491318,0.4999999999999999,Normal
166,166,6.840000153,24.62400055,-89.47489781,-1.56226012,-0.497082766,0.4999999999999999,Normal
167,167,6.960000038,25.05600014,-93.87444161,-1.639077552,-0.521524676,0.4845427400875391,Normal
168,168,6.559999943,23.61599979,-86.90859593,-1.517451675,-0.482825533,0.4999999999999999,Normal
169,169,6.849999905,24.65999966,-102.6024191,-1.79147081,-0.570013439,0.4513707128529218,Normal
170,170,7.190000057,25.88400021,-105.941208,-1.849767124,-0.588562267,0.4391545495431757,Normal
171,171,7.420000076,26.71200027,-98.9824191,-1.72826446,-0.549902328,0.4648871678196818,Normal
172,172,7.5,27,-99.113062,-1.730545527,-0.550628122,0.4643938821494114,Normal
173,173,8.029999733,28.90799904,-96.62416579,-1.687088609,-0.536800921,0.4738690656522399,Normal
174,174,7.989999771,28.76399918,-92.76970283,-1.619788462,-0.515387238,0.4888976252934401,Normal
175,175,8.220000267,29.59200096,-105.056393,-1.834317973,-0.583646628,0.44237093326022,Normal
176,176,8.229999542,29.62799835,-101.3880469,-1.770267486,-0.563266927,0.4558710665903106,Normal
177,177,8.159999847,29.37599945,-113.21408,-1.976753778,-0.628967111,0.4131871418643563,Normal
178,178,7.880000114,28.36800041,-116.5248491,-2.034560857,-0.647360273,0.4015814066380079,Normal
179,179,7.710000038,27.75600014,-119.5734421,-2.087790259,-0.664296901,0.3909750846930767,Normal
180,180,7.769999981,27.97199993,-119.961109,-2.094559046,-0.666450606,0.38963062934889975,Normal
181,181,7.710000038,27.75600014,-123.100651,-2.149376446,-0.683892506,0.37876815634938105,Normal
182,182,7.46999979,26.89199924,-128.9790971,-2.252015981,-0.716550539,0.3584869026927561,Normal
183,183,7.53000021,27.10800076,-126.2949563,-2.205150031,-0.701638646,0.3677451878099924,Normal
184,184,7.21999979,25.99199924,-118.1355316,-2.062683885,-0.656308509,0.3959696954519186,Normal
185,185,7.119999886,25.63199959,-141.861484,-2.476946546,-0.788119356,0.31403639799937805,Agresif
186,186,7.260000229,26.13600082,-134.8602186,-2.35470223,-0.749223437,0.33813987047171906,Agresif
187,187,7.199999809,25.91999931,-128.2294341,-2.238926627,-0.712385745,0.3610732434971888,Normal
188,188,8.119999886,29.23199959,-134.951455,-2.356295246,-0.749730306,0.3378229619000249,Agresif
189,189,8.619999886,31.03199959,-133.9326432,-2.338506469,-0.74407024,0.3413590301210996,Agresif
190,190,8.859999657,31.89599877,-132.4201857,-2.31209848,-0.735667698,0.3465984056336857,Agresif
191,191,8.989999771,32.36399918,-127.5342917,-2.22678922,-0.708523843,0.36347094088730975,Normal
192,192,8.68999958,31.28399849,-125.5541333,-2.192215026,-0.697522963,0.3703003530391683,Normal
193,193,9.760000229,35.13600082,-124.9487632,-2.181645072,-0.694159796,0.3334305521620875,Agresif
194,194,10.28999996,37.04399986,-127.1174517,-2.219511061,-0.706208065,0.2876879829670528,Agresif
195,195,10.60999966,38.19599878,-122.555801,-2.139863192,-0.680865561,0.2524918551433251,Agresif
196,196,11.02999973,39.70799903,-131.2694624,-2.292006486,-0.729274791,0.20241967282011772,Agresif
197,197,10.97999954,39.52799834,-129.8453751,-2.26714147,-0.721363195,0.21033074215205086,Agresif
198,198,11.44999981,41.21999932,-135.3457848,-2.36318037,-0.751921027,0.18768615634582636,Agresif
199,199,11.60000038,41.76000137,-134.5425232,-2.349155167,-0.747458462,0.18765656968813485,Agresif
200,200,11.65999985,41.97599946,-134.2761629,-2.344504432,-0.745978683,0.1875860279241996,Agresif
201,201,12.02999973,43.30799903,-129.7480585,-2.265442291,-0.720822547,0.1863902439287451,Agresif
202,202,12.10000038,43.56000137,-119.4775318,-2.086115635,-0.663764066,0.1837024949832537,Agresif
203,203,12.51000023,45.03600083,-123.1457289,-2.15016352,-0.684142938,0.18465847612950334,Agresif
204,204,12.30000019,44.28000068,-141.4099625,-2.469062837,-0.785610903,0.18608547999250305,Agresif
205,205,12.53999996,45.14399986,-147.7473162,-2.579715045,-0.820818423,0.18442532593232047,Agresif
206,206,12.46000004,44.85600014,-155.7862173,-2.72007681,-0.865478985,0.18233857936988945,Agresif
207,207,12.56000042,45.21600151,-153.1866186,-2.674686991,-0.85103677,0.1830110008880894,Agresif
208,208,12.56000042,45.21600151,-145.6569569,-2.543216708,-0.809205316,0.1849714746769996,Agresif
209,209,12.76000023,45.93600083,-150.4799908,-2.627428411,-0.835999949,0.1837135395048607,Agresif
210,210,12.94999981,46.61999932,-158.9175498,-2.77475087,-0.882875277,0.18153169658226767,Agresif
211,211,13.07999992,47.08799971,-152.3476188,-2.660037789,-0.84637566,0.18322850961812231,Agresif
212,212,13.15999985,47.37599946,-150.2780091,-2.623901746,-0.834877828,0.18376606504175572,Agresif
213,213,12.93000031,46.54800112,-148.0618598,-2.585207076,-0.822565888,0.1843432696894,Agresif
214,214,12.64000034,45.50400122,-142.1721421,-2.482370735,-0.789845234,0.18588512713762287,Agresif
215,215,11.89999962,42.83999863,-140.2851164,-2.449422667,-0.779361758,0.1863815071011653,Agresif
216,216,11.64999962,41.93999863,-136.5287438,-2.383835209,-0.758493021,0.1873729948017951,Agresif
217,217,11.26000023,40.53600083,-132.9630555,-2.32157716,-0.738683642,0.18723859512116453,Agresif
218,218,10.90999985,39.27599946,-132.6973853,-2.316938473,-0.737207696,0.22404760655764372,Agresif
219,219,10.68000031,38.44800112,-124.6281214,-2.176046564,-0.692378452,0.2470838033968736,Agresif
220,220,9.869999886,35.53199959,-132.1958776,-2.30818199,-0.734421542,0.3245506652223127,Agresif
221,221,9.289999962,33.44399986,-114.1844491,-1.99369673,-0.634358051,0.38604538782027054,Normal
222,222,8.609999657,30.99599877,-106.0528347,-1.851716161,-0.589182415,0.4387497877931991,Normal
223,223,7.820000172,28.15200062,-109.34729,-1.909238397,-0.607484944,0.4268980150589575,Normal
224,224,7.150000095,25.74000034,-100.4998304,-1.754758943,-0.558332391,0.4591838553977128,Normal
225,225,6.739999771,24.26399918,-85.86133358,-1.499166142,-0.477007409,0.4999999999999999,Normal
226,226,6.349999905,22.85999966,-84.66239429,-1.478232281,-0.470346635,0.4999999999999999,Normal
227,227,5.840000153,21.02400055,-82.68935314,-1.443782356,-0.459385295,0.4999999999999999,Normal
228,228,5.179999828,18.64799938,-78.77038774,-1.375355976,-0.437613265,0.4999999999999999,Normal
229,229,4.570000172,16.45200062,-95.14840731,-1.661321397,-0.528602263,0.4733297407700463,Normal
230,230,4.139999866,14.90399952,-81.33210829,-1.42008443,-0.451845046,0.5000000000000001,Normal
231,231,3.390000105,12.20400038,-79.42079474,-1.386712289,-0.441226637,0.5000000000000001,Normal
232,232,2.50999999,9.035999964,-84.65655049,-1.478130247,-0.470314169,0.4999999999999999,Normal
233,233,2,7.2,-76.47559908,-1.335288238,-0.424864439,0.4999999999999999,Normal
234,234,1.549999952,5.579999827,-84.33247618,-1.472471806,-0.468513757,0.4999999999999999,Normal
235,235,1.139999986,4.10399995,-82.58404894,-1.441943712,-0.458800272,0.4999999999999999,Normal
236,236,0.349999994,1.259999978,-86.51495655,-1.510578606,-0.480638648,0.4999999999999999,Normal
237,237,0,0,-85.19152003,-1.487470985,-0.473286222,0.4999999999999999,Normal
238,238,0,0,-84.73114952,-1.479432769,-0.470728608,0.4999999999999999,Normal
239,239,0,0,-87.17832786,-1.52216128,-0.484324044,0.4999999999999999,Normal
240,240,0,0,-83.79627602,-1.463109581,-0.465534867,0.4999999999999999,Normal
241,241,0,0,-80.53918704,-1.406239774,-0.447439928,0.4999999999999999,Normal
242,242,0,0,-83.66094789,-1.460746709,-0.464783044,0.4999999999999999,Normal
243,243,0,0,-84.90302216,-1.48243372,-0.471683456,0.4999999999999999,Normal
244,244,0,0,-85.28978998,-1.489186809,-0.473832167,0.4999999999999999,Normal
245,245,0,0,-84.76826728,-1.480080857,-0.470934818,0.4999999999999999,Normal
246,246,0,0,-86.04743514,-1.502415534,-0.478041306,0.4999999999999999,Normal
247,247,0,0,-86.1942727,-1.504979365,-0.478857071,0.4999999999999999,Normal
248,248,0,0,-86.63646783,-1.512700232,-0.48131371,0.4999999999999999,Normal
249,249,0,0,-87.36638108,-1.525444749,-0.485368784,0.4999999999999999,Normal
250,250,0,0,-86.66701858,-1.513233658,-0.481483437,0.4999999999999999,Normal
251,251,0,0,-86.97043341,-1.518531377,-0.483169075,0.4999999999999999,Normal
252,252,0,0,-87.32148159,-1.52466079,-0.485119342,0.4999999999999999,Normal
253,253,0,0,-88.08042696,-1.537912217,-0.489335705,0.4999999999999999,Normal
254,254,0,0,-89.17231349,-1.556976902,-0.495401742,0.4999999999999999,Normal
255,255,0,0,-88.50869024,-1.54538983,-0.491714946,0.4999999999999999,Normal
256,256,0,0,-88.63550608,-1.547604074,-0.492419478,0.4999999999999999,Normal
257,257,0,0,-89.65372359,-1.565382475,-0.498076242,0.4999999999999999,Normal
258,258,0,0,-90.27655869,-1.576257374,-0.501536437,0.4999999999999999,Normal
259,259,0,0,-89.63398391,-1.565037814,-0.497966577,0.4999999999999999,Normal
260,260,0,0,-88.42971557,-1.544010907,-0.491276198,0.4999999999999999,Normal
261,261,0,0,-87.23816332,-1.523206026,-0.484656463,0.4999999999999999,Normal
262,262,0,0,-87.40609104,-1.526138098,-0.485589395,0.4999999999999999,Normal
263,263,0,0,-86.79673836,-1.515498606,-0.482204102,0.4999999999999999,Normal
264,264,0,0,-88.48719152,-1.545014455,-0.491595508,0.4999999999999999,Normal
265,265,0,0,-89.6895645,-1.566008269,-0.498275358,0.4999999999999999,Normal
266,266,0,0,-91.28239874,-1.593819661,-0.507124437,0.5,Normal
267,267,0,0,-90.99061851,-1.588725085,-0.505503436,0.5,Normal
268,268,0,0,-90.52128004,-1.580530286,-0.502896,0.4999999999999999,Normal
269,269,0,0,-90.24887862,-1.575774071,-0.501382659,0.4999999999999999,Normal
270,270,0,0,-91.47585658,-1.597197496,-0.508199203,0.5,Normal
271,271,0,0,-90.57631748,-1.581491258,-0.503201764,0.5,Normal
272,272,0,0,-90.48506213,-1.57989791,-0.50269479,0.4999999999999999,Normal
273,273,0,0,-90.81889624,-1.58572676,-0.504549424,0.5,Normal
274,274,0,0,-96.18490905,-1.679419047,-0.534360606,0.5,Normal
275,275,0,0,-97.79000425,-1.707444519,-0.543277801,0.5,Normal
276,276,0,0,-97.01355803,-1.693887521,-0.538964211,0.4999999999999999,Normal
277,277,0,0,-97.09640294,-1.69533402,-0.539424461,0.4999999999999999,Normal
278,278,0,0,-98.00685374,-1.71123078,-0.544482521,0.4999999999999999,Normal
279,279,0,0,-97.52515126,-1.702820101,-0.541806396,0.5,Normal
280,280,0,0,-96.70238933,-1.688454417,-0.537235496,0.4999999999999999,Normal
281,281,0,0,-96.56541875,-1.686062867,-0.536474549,0.5000000000000001,Normal
282,282,0,0,-94.84497846,-1.656023433,-0.526916547,0.4999999999999999,Normal
283,283,0,0,-94.5811014,-1.651416056,-0.525450563,0.4999999999999999,Normal
284,284,0,0,-93.77911188,-1.637413065,-0.520995066,0.4999999999999999,Normal
285,285,0,0,-91.44842521,-1.596718535,-0.508046807,0.4999999999999999,Normal
286,286,0,0,-91.13134489,-1.591182212,-0.506285249,0.5,Normal
287,287,0,0,-90.39370505,-1.578302787,-0.50218725,0.4999999999999999,Normal
288,288,0,0,-90.59842725,-1.581877301,-0.503324596,0.4999999999999999,Normal
289,289,0,0,-89.25668821,-1.558450112,-0.49587049,0.4999999999999999,Normal
290,290,0,0,-88.3359865,-1.542374367,-0.490755481,0.4999999999999999,Normal
291,291,0,0,-88.41766647,-1.543800526,-0.491209258,0.4999999999999999,Normal
292,292,0,0,-88.56948882,-1.546451392,-0.492052716,0.4999999999999999,Normal
293,293,0,0,-88.23225587,-1.540563198,-0.490179199,0.4999999999999999,Normal
294,294,0,0,-88.55352503,-1.546172659,-0.491964028,0.4999999999999999,Normal
295,295,0,0,-88.98764713,-1.553752569,-0.494375817,0.4999999999999999,Normal
296,296,0,0,-89.07513755,-1.555280179,-0.494861875,0.4999999999999999,Normal
297,297,0,0,-88.84163094,-1.55120308,-0.493564616,0.4999999999999999,Normal
298,298,0,0,-88.72367978,-1.549143615,-0.492909332,0.4999999999999999,Normal
299,299,0,0,-89.21765341,-1.557768552,-0.49565363,0.4999999999999999,Normal
300,300,0,0,-89.9675106,-1.570861296,-0.499819503,0.4999999999999999,Normal
301,301,0,0,-89.39716169,-1.560902823,-0.496650898,0.4999999999999999,Normal
302,302,0,0,-91.03423741,-1.589486685,-0.505745763,0.5,Normal
303,303,0,0,-91.2406889,-1.593091393,-0.506892716,0.5,Normal
304,304,0,0,-91.74610879,-1.601916185,-0.509700604,0.5000000000000001,Normal
305,305,0,0,-93.33728377,-1.629698606,-0.518540465,0.5,Normal
306,306,0,0,-93.31615464,-1.629329684,-0.518423081,0.4999999999999999,Normal
307,307,0,0,-94.74505228,-1.654278691,-0.526361402,0.4999999999999999,Normal
308,308,0,0,-96.61594049,-1.686944993,-0.536755225,0.5,Normal
309,309,0,0,-97.09451164,-1.695300997,-0.539413954,0.5,Normal
310,310,0,0,-97.84023,-1.708321476,-0.543556833,0.4999999999999999,Normal
311,311,0,0,-97.85489018,-1.708577448,-0.543638279,0.5,Normal
312,312,0,0,-97.29371963,-1.698779232,-0.540520665,0.5,Normal
313,313,0,0,-97.25146761,-1.698041498,-0.540285931,0.4999999999999999,Normal
314,314,0,0,-98.33097793,-1.716890091,-0.546283211,0.5,Normal
315,315,0,0,-97.40710494,-1.700758975,-0.541150583,0.5,Normal
316,316,0,0,-96.57615473,-1.686250321,-0.536534193,0.5,Normal
317,317,0,0,-96.24254779,-1.680425438,-0.534680821,0.5,Normal
318,318,0,0,-96.59312369,-1.686546604,-0.536628465,0.5,Normal
319,319,0,0,-96.40485089,-1.683259301,-0.535582505,0.5,Normal
320,320,0,0,-95.65322648,-1.6701357,-0.531406814,0.4999999999999999,Normal
321,321,0,0,-95.16138833,-1.66154805,-0.52867438,0.5,Normal
322,322,0,0,-95.3998693,-1.665712004,-0.529999274,0.5,Normal
323,323,0,0,-95.81522286,-1.672964209,-0.532306794,0.5,Normal
324,324,0,0,-96.31070275,-1.681615445,-0.53505946,0.5,Normal
325,325,0,0,-94.48317085,-1.649706158,-0.524906505,0.4999999999999999,Normal
326,326,0,0,-94.53120859,-1.650544912,-0.525173381,0.4999999999999999,Normal
327,327,0,0,-92.68937366,-1.618385889,-0.514940965,0.4999999999999999,Normal
328,328,0.460000008,1.656000029,-89.18786557,-1.557248446,-0.495488142,0.4999999999999999,Normal
329,329,1.74000001,6.264000036,-100.1866473,-1.749290667,-0.556592485,0.4999999999999999,Normal
330,330,1.659999967,5.975999881,-100.1820815,-1.749210947,-0.556567119,0.5,Normal
331,331,3.279999971,11.8079999,-105.4249388,-1.8407529,-0.585694104,0.4406167066396671,Normal
332,332,3.99000001,14.36400004,-108.0167543,-1.886006821,-0.600093079,0.4152144806881936,Normal
333,333,5.050000191,18.18000069,-106.5998484,-1.861267194,-0.59222138,0.4367694808268067,Normal
334,334,5.800000191,20.88000069,-108.9021562,-1.901466219,-0.605011979,0.4284893636536692,Normal
335,335,6.130000114,22.06800041,-115.7838074,-2.021622034,-0.643243374,0.40417017977537256,Normal
336,336,6.019999981,21.67199993,-126.9906737,-2.217297477,-0.705503743,0.3653458003435313,Normal
337,337,6.039999962,21.74399986,-87.88103089,-1.534430698,-0.488227949,0.4999999999999999,Normal
338,338,5.53000021,19.90800076,-90.59928099,-1.581892208,-0.503329339,0.4975702891287256,Normal
339,339,5.989999771,21.56399918,-88.81528388,-1.550743052,-0.493418244,0.4999999999999999,Normal
340,340,6.679999828,24.04799938,-119.5481469,-2.087348597,-0.664156372,0.3910628394366424,Normal
341,341,7.150000095,25.74000034,-162.2144628,-2.832316017,-0.90119146,0.24305803788951305,Agresif
342,342,7.440000057,26.78400021,-160.8625395,-2.808711007,-0.893680775,0.2478953422438069,Agresif
343,343,7.570000172,27.25200062,-140.0640692,-2.445563113,-0.778133718,0.32021375388806345,Agresif
344,344,7.900000095,28.44000034,-128.5604787,-2.244706771,-0.714224882,0.35993123124430554,Normal
345,345,8.369999886,30.13199959,-116.7438779,-2.03838517,-0.648577099,0.4008171250577792,Normal
346,346,8.270000458,29.77200165,-118.5054876,-2.069143434,-0.65836382,0.3946833879409404,Normal
347,347,8.100000381,29.16000137,-119.333542,-2.083601527,-0.662964122,0.3918075001403223,Normal
348,348,8.300000191,29.88000069,-120.9634099,-2.112059538,-0.672018944,0.3861582087664136,Normal
349,349,8.649999619,31.13999863,-118.5778797,-2.070407423,-0.658765998,0.3944317929041608,Normal
350,350,9.020000458,32.47200165,-120.6533029,-2.106644971,-0.670296127,0.3872320312402724,Normal
351,351,9.18999958,33.08399849,-124.1219143,-2.167208027,-0.689566191,0.3752419880561859,Normal
352,352,9.479999542,34.12799835,-122.0256227,-2.130606111,-0.677920126,0.36478947038970894,Normal
353,353,9.590000153,34.52400055,-113.6593329,-1.984528035,-0.631440738,0.35249047645080595,Normal
354,354,10.10999966,36.39599878,-109.7502961,-1.916275011,-0.609723867,0.2944158040432001,Agresif
355,355,10.09000015,36.32400054,-113.2413197,-1.977229392,-0.629118443,0.2966497600091982,Agresif
356,356,10.31000042,37.11600151,-108.1086832,-1.887611929,-0.600603796,0.2719454946156494,Agresif
357,357,10.35000038,37.26000137,-113.1495234,-1.975626599,-0.628608463,0.267412959060059,Agresif
358,358,10.31999969,37.15199888,-103.8120496,-1.812591342,-0.576733609,0.2708139000931277,Agresif
359,359,10.30000019,37.08000068,-105.4719254,-1.841573301,-0.585955141,0.273076266534286,Agresif
360,360,10.34000015,37.22400054,-93.40570875,-1.630893327,-0.518920604,0.2685476022475762,Agresif
361,361,10.35999966,37.29599878,-93.22050571,-1.627659624,-0.517891698,0.266277395218902,Agresif
362,362,10.39000034,37.40400122,-98.9185261,-1.727148868,-0.549547367,0.2628639668600276,Agresif
363,363,10.14000034,36.50400122,-79.25447267,-1.383808253,-0.440302626,0.2910613114408145,Agresif
364,364,9.93999958,35.78399849,-81.2590531,-1.418808864,-0.451439184,0.31336799325856085,Agresif
365,365,9.390000343,33.80400123,-76.68735059,-1.338985486,-0.426040837,0.3748481902580624,Normal
366,366,9.199999809,33.11999931,-68.86569359,-1.202416872,-0.382587187,0.3961628761484221,Normal
367,367,9.210000038,33.15600014,-72.82479753,-1.271544084,-0.404582209,0.3950361567541176,Normal
368,368,9.140000343,32.90400123,-73.71968282,-1.287169065,-0.409553793,0.4029391989893457,Normal
369,369,9.069999695,32.6519989,-71.21308456,-1.243403064,-0.395628248,0.410886283392008,Normal
370,370,9.06000042,32.61600151,-64.74741649,-1.130510447,-0.359707869,0.4120256563526519,Normal
371,371,8.859999657,31.89599877,-55.32816603,-0.966047343,-0.3073787,0.4350932497973669,Normal
372,372,8.399999619,30.23999863,-49.81024076,-0.869702616,-0.27672356,0.491318530750253,Normal
373,373,8.239999771,29.66399918,-54.06795,-0.944043571,-0.3003775,0.4999999999999999,Normal
374,374,7.909999847,28.47599945,-46.86723429,-0.818316789,-0.260373524,0.4999999999999999,Normal
375,375,7.849999905,28.25999966,-49.05343472,-0.856488543,-0.272519082,0.4999999999999999,Normal
376,376,8.180000305,29.4480011,-56.25484341,-0.982227425,-0.312526908,0.4999999999999999,Normal
377,377,8.369999886,30.13199959,-59.27887833,-1.035028034,-0.329327102,0.4952044452548074,Normal
378,378,8.720000267,31.39200096,-63.89516573,-1.115629878,-0.354973143,0.4516455426584408,Normal
379,379,8.930000305,32.1480011,-65.25760815,-1.139418555,-0.362542268,0.4269525925644353,Normal
380,380,9.229999542,33.22799835,-75.96406214,-1.326356641,-0.422022567,0.3927848899083989,Normal
381,381,9.510000229,34.23600082,-74.93481582,-1.308385673,-0.416304532,0.36143691036881176,Normal
382,382,9.789999962,35.24399986,-67.69463362,-1.181969793,-0.376081298,0.3300809983634784,Agresif
383,383,9.979999542,35.92799835,-71.13368667,-1.242016751,-0.395187148,0.30891382797791817,Agresif
384,384,10.10000038,36.36000137,-73.70906584,-1.286983689,-0.40949481,0.29553293938233394,Agresif
385,385,10.17000008,36.61200029,-73.8345894,-1.28917537,-0.410192163,0.2877022564723929,Agresif
386,386,10.34000015,37.22400054,-66.09494451,-1.154038714,-0.367194136,0.2685476022475762,Agresif
387,387,10.47000027,37.69200097,-64.49467209,-1.126097449,-0.358303734,0.25371036843030303,Agresif
388,388,10.47000027,37.69200097,-65.22439918,-1.138838716,-0.362357773,0.25371036843030303,Agresif
389,389,10.86999989,39.1319996,-69.12338245,-1.206916202,-0.384018791,0.20641539906487716,Agresif
390,390,11.07999992,39.88799971,-68.39417375,-1.194183986,-0.379967632,0.18018154563154606,Agresif
391,391,11.19999981,40.31999932,-72.47781097,-1.265485588,-0.402654505,0.17619047619047615,Agresif
392,392,11.42000008,41.11200029,-76.11629314,-1.329014642,-0.422868295,0.17619047619047615,Agresif
393,393,11.52000046,41.47200166,-80.38548164,-1.403556029,-0.446586009,0.17619047619047615,Agresif
394,394,11.38000011,40.9680004,-83.98447957,-1.466395675,-0.466580442,0.17619047619047615,Agresif
395,395,11.36999989,40.9319996,-84.27122355,-1.471402316,-0.468173464,0.17619047619047615,Agresif
396,396,11.22000027,40.39200097,-75.40716747,-1.316633083,-0.418928708,0.17619047619047615,Agresif
397,397,11.44999981,41.21999932,-79.80319152,-1.393389058,-0.443351064,0.17619047619047615,Agresif
398,398,11.48999977,41.36399917,-82.66112557,-1.443289494,-0.459228475,0.17619047619047615,Agresif
399,399,11.52000046,41.47200166,-80.70637491,-1.409158927,-0.44836875,0.17619047619047615,Agresif
400,400,11.5,41.4,-80.94988301,-1.413410656,-0.449721572,0.17619047619047615,Agresif
401,401,11.61999989,41.8319996,-77.55969898,-1.354216966,-0.430887217,0.17619047619047615,Agresif
402,402,11.88000011,42.7680004,-75.59877589,-1.319978627,-0.419993199,0.17619047619047615,Agresif
403,403,12,43.2,-79.65422991,-1.390788141,-0.4425235,0.17619047619047615,Agresif
404,404,12.14000034,43.70400122,-77.39896934,-1.351410576,-0.429994274,0.17619047619047615,Agresif
405,405,12.25,44.1,-77.12803251,-1.346679933,-0.42848907,0.17619047619047615,Agresif
406,406,12.10000038,43.56000137,-73.73972172,-1.287518951,-0.409665121,0.17619047619047615,Agresif
407,407,12.05000019,43.38000068,-70.3900064,-1.229031858,-0.391055591,0.17619047619047615,Agresif
408,408,12.23999977,44.06399917,-74.61659827,-1.302829494,-0.414536657,0.17619047619047615,Agresif
409,409,12.5,45,-75.29598288,-1.314691765,-0.418311016,0.17619047619047615,Agresif
410,410,12.60999966,45.39599878,-72.90057925,-1.272867257,-0.405003218,0.17619047619047615,Agresif
411,411,12.85999966,46.29599878,-73.16236175,-1.277438062,-0.406457565,0.17619047619047615,Agresif
412,412,13.14999962,47.33999863,-76.83002961,-1.341476707,-0.426833498,0.17619047619047615,Agresif
413,413,13.28999996,47.84399986,-76.69348804,-1.339092648,-0.426074934,0.17619047619047615,Agresif
414,414,13.32999992,47.98799971,-84.87738918,-1.48198616,-0.471541051,0.17619047619047615,Agresif
415,415,13.35999966,48.09599878,-86.95548225,-1.518270325,-0.483086013,0.17619047619047615,Agresif
416,416,13.5,48.6,-82.15881886,-1.434519059,-0.456437883,0.17619047619047615,Agresif
417,417,13.60000038,48.96000137,-79.35263018,-1.385522114,-0.440847945,0.17619047619047615,Agresif
418,418,13.77999973,49.60799903,-85.67148233,-1.495851279,-0.47595268,0.17619047619047615,Agresif
419,419,13.71000004,49.35600014,-78.6746647,-1.373684622,-0.437081471,0.17619047619047615,Agresif
420,420,14.02000046,50.47200166,-83.62573856,-1.460131943,-0.464587436,0.17619047619047615,Agresif
421,421,14.13000011,50.8680004,-78.33903715,-1.367824458,-0.435216873,0.17619047619047615,Agresif
422,422,14.25,51.3,-88.86003398,-1.551524403,-0.493666855,0.17619047619047615,Agresif
423,423,14.42000008,51.91200029,-93.1737429,-1.62684313,-0.517631905,0.176984036633663,Agresif
424,424,14.35000038,51.66000137,-93.77965625,-1.637422569,-0.52099809,0.17713597358192354,Agresif
425,425,14.26000023,51.33600083,-88.40953251,-1.543658504,-0.49116407,0.17619047619047615,Agresif
426,426,14.35999966,51.69599878,-86.58279658,-1.511763115,-0.481015537,0.17619047619047615,Agresif
427,427,14.32999992,51.58799971,-93.43791747,-1.631455702,-0.519099542,0.17705026320820508,Agresif
428,428,14.31000042,51.51600151,-92.48617219,-1.614837927,-0.513812068,0.1768117917307359,Agresif
429,429,14.27999973,51.40799903,-91.20627372,-1.592490494,-0.506701521,0.1764916395989954,Agresif
430,430,14.25,51.3,-99.63120907,-1.739592539,-0.553506717,0.17861035707288758,Agresif
431,431,14.28999996,51.44399986,-103.0355585,-1.799033561,-0.572419769,0.179473934379108,Agresif
432,432,14.14000034,50.90400122,-106.9826438,-1.867950923,-0.594348021,0.18048042087587302,Agresif
433,433,14.07999992,50.68799971,-103.5169947,-1.80743959,-0.575094415,0.17959639901639146,Agresif
434,434,13.81999969,49.75199888,-106.437307,-1.85842917,-0.591318372,0.1803410316910908,Agresif
435,435,13.89000034,50.00400122,-106.5960078,-1.861200136,-0.592200043,0.18038158503763854,Agresif
436,436,13.65999985,49.17599946,-104.3041602,-1.82118375,-0.579467557,0.17979681286651847,Agresif
437,437,13.73999977,49.46399917,-104.2745871,-1.820667394,-0.579303262,0.1797892794731632,Agresif
438,438,13.60999966,48.99599878,-107.0717944,-1.869507521,-0.594843302,0.18050321797557756,Agresif
439,439,13.31999969,47.95199888,-103.8700071,-1.813603299,-0.577055595,0.17968624908891126,Agresif
440,440,13.14000034,47.30400122,-99.92146783,-1.744660549,-0.555119266,0.17868382184554965,Agresif
441,441,13.02000046,46.87200166,-104.8844556,-1.831315891,-0.58269142,0.17994469961806192,Agresif
442,442,12.90999985,46.47599946,-110.1446902,-1.923161257,-0.611914946,0.18129071571882988,Agresif
443,443,12.81999969,46.15199888,-106.5082989,-1.859668711,-0.591712772,0.18035917141071287,Agresif
444,444,12.73999977,45.86399917,-102.4389231,-1.788616118,-0.569105128,0.17932228227930372,Agresif
445,445,12.59000015,45.32400054,-104.622488,-1.826741854,-0.581236044,0.1798779228945042,Agresif
446,446,12.48999977,44.96399917,-104.8076977,-1.829975674,-0.582264987,0.17992513113298444,Agresif
447,447,12.36999989,44.5319996,-93.77100582,-1.63727153,-0.520950032,0.17713380344919366,Agresif
448,448,12.17000008,43.81200029,-92.68693046,-1.61834323,-0.514927391,0.17686206559825285,Agresif
449,449,12.09000015,43.52400054,-91.14988728,-1.591505968,-0.506388263,0.17647754952200048,Agresif
450,450,12.01000023,43.23600083,-95.09571231,-1.660401326,-0.528309513,0.17746646014510795,Agresif
451,451,11.84000015,42.62400054,-95.36676076,-1.665133918,-0.529815338,0.17753460628540207,Agresif
452,452,11.51000023,41.43600083,-88.07903315,-1.53788788,-0.489327962,0.17619047619047615,Agresif
453,453,11.84000015,42.62400054,-86.83657812,-1.516194221,-0.482425434,0.17619047619047615,Agresif
454,454,12.31000042,44.31600151,-87.13688918,-1.521437748,-0.484093829,0.17619047619047615,Agresif
455,455,12.69999981,45.71999932,-88.5691282,-1.546445096,-0.492050712,0.17619047619047615,Agresif
456,456,13.02000046,46.87200166,-89.76405006,-1.567308811,-0.498689167,0.17619047619047615,Agresif
457,457,13.64999962,49.13999863,-130.5288684,-2.27907548,-0.72516038,0.18659597678354176,Agresif
458,458,13.55000019,48.78000068,-132.1982988,-2.308224265,-0.734434993,0.18703649950763174,Agresif
459,459,13.63000011,49.0680004,-121.385946,-2.119437152,-0.674366367,0.1841992958952856,Agresif
460,460,13.61999989,49.0319996,-109.6331214,-1.914229104,-0.609072897,0.18115938472753196,Agresif
461,461,13.86999989,49.9319996,-103.6586486,-1.809912912,-0.575881381,0.17963244791764654,Agresif
462,462,14.14999962,50.93999863,-115.035965,-2.008564468,-0.639088694,0.18255099875651493,Agresif
463,463,14.19999981,51.11999932,-113.9628237,-1.98982708,-0.633126798,0.1822737875964756,Agresif
464,464,14.13000011,50.8680004,-112.9171842,-1.971569883,-0.62731769,0.18200406086086773,Agresif
465,465,13.93000031,50.14800112,-118.6965313,-2.072479118,-0.659425174,0.18349953480252856,Agresif
466,466,13.93999958,50.18399849,-109.926341,-1.919348811,-0.610701894,0.1812346494300975,Agresif
467,467,14.03999996,50.54399986,-108.9634185,-1.902535879,-0.605352325,0.18098759575705556,Agresif
468,468,14.18000031,51.04800112,-113.561237,-1.982815249,-0.630895761,0.18217015227697267,Agresif
469,469,14.31999969,51.55199888,-109.1137129,-1.905160067,-0.606187294,0.18102613486362532,Agresif
470,470,14.13000011,50.8680004,-117.6414219,-2.054056573,-0.653563455,0.18322566691193154,Agresif
471,471,14.02000046,50.47200166,-117.9975602,-2.060274861,-0.655542001,0.18331806548933674,Agresif
472,472,14.02999973,50.50799903,-123.0662175,-2.148775226,-0.683701208,0.1846377071637286,Agresif
473,473,14.03999996,50.54399986,-119.059919,-2.078823983,-0.661443994,0.18359394362301007,Agresif
474,474,13.97000027,50.29200097,-120.8493163,-2.110067427,-0.671385091,0.18405947715781906,Agresif
475,475,13.71000004,49.35600014,-126.0000454,-2.200000793,-0.700000252,0.18540541729671328,Agresif
476,476,13.34000015,48.02400054,-124.188387,-2.168368662,-0.689935483,0.1849310184393892,Agresif
477,477,12.93999958,46.58399849,-117.7075727,-2.055211587,-0.653930959,0.18324282620248344,Agresif
478,478,12.31000042,44.31600151,-119.1926386,-2.081141309,-0.662181326,0.1836284355244424,Agresif
479,479,11.56999969,41.65199888,-95.92088366,-1.67480908,-0.532893798,0.17767400758507726,Agresif
480,480,10.73999977,38.66399917,-92.22415563,-1.610263035,-0.51235642,0.2221175593520781,Agresif
481,481,10.02999973,36.10799903,-101.0061691,-1.763599778,-0.561145384,0.30334311259971897,Agresif
482,482,9.449999809,34.01999931,-97.4540181,-1.701578094,-0.541411212,0.36814168161914973,Normal
483,483,8.880000114,31.96800041,-95.70056483,-1.670962243,-0.531669805,0.4327589948130296,Normal
484,484,7.880000114,28.36800041,-94.75898326,-1.65452193,-0.526438796,0.4810841217233322,Normal
485,485,7.099999905,25.55999966,-106.6284771,-1.86176706,-0.592380428,0.4366659826688015,Normal
486,486,6.630000114,23.86800041,-117.170379,-2.045832014,-0.65094655,0.39932998267855196,Normal
487,487,6.320000172,22.75200062,-121.6576366,-2.124180957,-0.675875759,0.3837558331741148,Normal
488,488,6.260000229,22.53600082,-117.5439213,-2.052354181,-0.653021785,0.3980286472511735,Normal
489,489,6.25,22.5,-117.2225179,-2.046742376,-0.651236211,0.3991482792308612,Normal
490,490,5.980000019,21.52800007,-118.6579455,-2.071805398,-0.659210808,0.3941535677420862,Normal
491,491,5.75,20.7,-115.4141148,-2.015167084,-0.641189527,0.4054634647007629,Normal
492,492,5.619999886,20.23199959,-116.2131837,-2.02911908,-0.645628798,0.4026696172904485,Normal
493,493,5.519999981,19.87199993,-105.0470359,-1.834154595,-0.583594644,0.4424050247515432,Normal
494,494,5.130000114,18.46800041,-103.2572136,-1.80290373,-0.573651187,0.4487374098053652,Normal
495,495,4.889999866,17.60399952,-102.936686,-1.797307216,-0.571870478,0.4462503147207753,Normal
496,496,4.590000153,16.52400055,-102.4973478,-1.789636231,-0.56942971,0.4422575579532329,Normal
497,497,4.230000019,15.22800007,-102.7429177,-1.79392396,-0.570793987,0.4318902447508704,Normal
498,498,3.890000105,14.00400038,-76.38330031,-1.333676672,-0.424351668,0.5,Normal
499,499,3.799999952,13.67999983,-33.01262993,-0.576410999,-0.1834035,0.5,
