,speed,kmh,yaw,rad,pirad,Fuzzy Value
0,speed,kmh,yaw,rad,pirad,0.0
1,3.269999981,11.77199993,-1.964396772,-0.034298991,-0.010913315,0.5
2,3.589999914,12.92399969,49.66945752,0.867244496,0.275941431,0.5000000000000001
3,4.28000021,15.40800076,61.91111382,1.080987702,0.343950632,0.5
4,3.829999924,13.78799973,67.31541225,1.175348468,0.373974513,0.49999999999999994
5,2.769999981,9.971999932,-8.283785318,-0.144637521,-0.04602103,0.4999999999999999
6,3.039999962,10.94399986,-38.29482178,-0.668639745,-0.21274901,0.5
7,3.140000105,11.30400038,-60.23764686,-1.051768437,-0.334653594,0.4999999999999999
8,3.769999981,13.57199993,-55.37855443,-0.966927141,-0.307658636,0.5000000000000001
9,3.859999895,13.89599962,43.41191494,0.757985816,0.241177305,0.49999999999999994
10,4.889999866,17.60399952,49.66945752,0.867244496,0.275941431,0.5
11,5.389999866,19.40399952,61.91111382,1.080987702,0.343950632,0.5
12,5.71999979,20.59199924,67.31541225,1.175348468,0.373974513,0.4999999999999999
13,6.309999943,22.71599979,2.278430692,0.039782123,0.012657948,0.4999999999999999
14,6.78000021,24.40800076,-11.08811103,-0.193601939,-0.061600617,0.4999999999999999
15,6.949999809,25.01999931,-18.93637449,-0.33063511,-0.105202081,0.4999999999999999
16,7.010000229,25.23600082,-1.915750881,-0.033449619,-0.01064306,0.4999999999999999
17,7.269999981,26.17199993,-0.730465673,-0.012754163,-0.004058143,0.4999999999999999
18,7.300000191,26.28000069,0.596615027,0.010417088,0.003314528,0.4999999999999999
19,7.010000229,25.23600082,-6.808146617,-0.118872401,-0.037823037,0.4999999999999999
20,7.150000095,25.74000034,-4.019137552,-0.070175418,-0.022328542,0.4999999999999999
21,7.400000095,26.64000034,-58.12193303,-1.014827402,-0.322899628,0.4999999999999999
22,7.510000229,27.03600082,2.817685387,0.049197681,0.015653808,0.4999999999999999
23,7.690000057,27.68400021,-4.107816234,-0.071723776,-0.022821201,0.4999999999999999
24,7.889999866,28.40399952,-10.81821442,-0.188889458,-0.060101191,0.4999999999999999
25,8.130000114,29.26800041,-27.19178986,-0.474777283,-0.151065499,0.4999999999999999
26,7.980000019,28.72800007,-36.21062991,-0.632249094,-0.201170166,0.4999999999999999
27,7.989999771,28.76399918,-45.66135794,-0.797261805,-0.253674211,0.4999999999999999
28,7.840000153,28.22400055,-43.42136044,-0.758150738,-0.24122978,0.4999999999999999
29,7.360000134,26.49600048,-51.03863266,-0.891150729,-0.283547959,0.4999999999999999
30,6.920000076,24.91200027,-32.93281181,-0.575017349,-0.182960066,0.4999999999999999
31,6.320000172,22.75200062,-29.07635062,-0.507682312,-0.161535281,0.4999999999999999
32,6.059999943,21.81599979,-53.06817996,-0.926587269,-0.294823222,0.4999999999999999
33,5.650000095,20.34000034,-49.49396267,-0.864180301,-0.274966459,0.4999999999999999
34,4.880000114,17.56800041,-67.08090676,-1.171253928,-0.372671704,0.5
35,4.320000172,15.55200062,-68.15943268,-1.190085333,-0.378663515,0.49999999999999994
36,3.910000086,14.07600031,-69.24922312,-1.20911342,-0.384717906,0.5000000000000001
37,3.579999924,12.88799973,-63.45131,-1.107880016,-0.352507278,0.49999999999999994
38,3.170000076,11.41200027,-64.84814222,-1.13226915,-0.360267457,0.4999999999999999
39,2.75999999,9.935999964,-68.43184407,-1.194841722,-0.380176912,0.4999999999999999
40,2.24000001,8.064000036,-88.42431454,-1.543916603,-0.491246192,0.4999999999999999
41,1.980000019,7.128000068,-68.60122353,-1.197799141,-0.381117909,0.4999999999999999
42,2.140000105,7.704000378,-44.37211614,-0.774751234,-0.246511756,0.4999999999999999
43,2.519999981,9.071999932,41.99952243,0.733324995,0.23333068,0.4999999999999999
44,2.49000001,8.964000036,93.6345989,1.634889822,0.520192216,0.5
45,3.25,11.7,98.37211974,1.71760844,0.546511776,0.5347505920252786
46,3.710000038,13.35600014,95.50717208,1.667585544,0.5305954,0.5277655207757008
47,3.950000048,14.22000017,66.40288082,1.159415379,0.368904893,0.5
48,4.320000172,15.55200062,79.45496152,1.387308852,0.441416453,0.49999999999999994
49,4.389999866,15.80399952,70.77851391,1.235815322,0.393213966,0.49999999999999994
50,4.400000095,15.84000034,-115.768062,-2.021347114,-0.6431559,0.3927518106391286
51,4.840000153,17.42400055,-148.0304616,-2.584658853,-0.822391453,0.29280652668494506
52,5.130000114,18.46800041,-167.8881853,-2.931381013,-0.932712141,0.22858949673761045
53,5.329999924,19.18799973,-165.9959233,-2.898341518,-0.922199574,0.2293783943183875
54,5.519999981,19.87199993,-178.1568921,-3.110675894,-0.989760512,0.1834662729879965
55,5.340000153,19.22400055,-169.2310307,-2.95482752,-0.940172393,0.2174769518828883
56,4.900000095,17.64000034,-178.0650541,-3.109072373,-0.989250301,0.2553690160407073
57,4.800000191,17.28000069,-196.5377843,-3.431612107,-1.091876579,0.2667821948373701
58,4.5,16.2,-204.4030552,-3.568942234,-1.135572529,0.3004936339573795
59,4.260000229,15.33600082,-206.4850225,-3.605294044,-1.147139014,0.32723022081889463
60,4.309999943,15.51599979,-198.4643416,-3.465250409,-1.102579676,0.3216578811572493
61,4.110000134,14.79600048,-250.4585535,-4.373085855,-1.391436408,0.34402307829751205
62,4.440000057,15.98400021,-367.6552228,-6.419376906,-2.042529016,0.30718114441181993
63,5.150000095,18.54000034,-408.1025778,-7.125600565,-2.267236543,0.22621868269654158
64,6.03000021,21.70800076,-286.881455,-5.009041278,-1.593785861,0.17619047619047615
65,6.5,23.4,-210.9961403,-3.684059593,-1.172200779,0.17619047619047615
66,7.21999979,25.99199924,-173.1391617,-3.023064728,-0.961884232,0.20281650625902778
67,7.630000114,27.46800041,-168.4023736,-2.940358904,-0.935568742,0.22054443423594372
68,8.090000153,29.12400055,-161.4141364,-2.818342064,-0.896745202,0.2459248233357919
69,8.140000343,29.30400123,-219.4925567,-3.83240972,-1.219403093,0.17619047619047615
70,8.380000114,30.16800041,-220.0257283,-3.841719066,-1.222365157,0.176568057776569
71,8.390000343,30.20400123,-211.1520475,-3.686781782,-1.173066931,0.1766490833531959
72,8.5,30.6,-208.918776,-3.647788152,-1.160659867,0.17754296506137865
73,8.300000191,29.88000069,-198.5120146,-3.466082795,-1.102844526,0.17619047619047615
74,8.539999962,30.74399986,-192.5750682,-3.362421826,-1.06986149,0.17786919641063484
75,7.960000038,28.65600014,-190.4267467,-3.32491145,-1.057926371,0.17619047619047615
76,8.199999809,29.51999931,-182.1337507,-3.180113107,-1.011854171,0.17619047619047615
77,8.159999847,29.37599945,-204.348889,-3.567996475,-1.135271606,0.17619047619047615
78,8.390000343,30.20400123,-188.1477756,-3.285119891,-1.04526542,0.1766490833531959
79,8.569999695,30.8519989,-180.4657715,-3.150989661,-1.002587619,0.17811427816214612
80,8.479999542,30.52799835,-173.132909,-3.022955554,-0.961849494,0.20284023276810376
81,8.25,29.7,-183.5567057,-3.204958353,-1.019759476,0.17619047619047615
82,8.100000381,29.16000137,-187.3525974,-3.271235828,-1.040847763,0.17619047619047615
83,8.100000381,29.16000137,-216.9725446,-3.788409509,-1.205403026,0.17619047619047615
84,7.760000229,27.93600082,-175.9534918,-3.072203825,-0.977519399,0.1920422111742705
85,7.340000153,26.42400055,-153.0536871,-2.672365965,-0.850298262,0.2753988664417148
86,7.010000229,25.23600082,-148.6105939,-2.594788147,-0.825614411,0.29080373764045814
87,6.980000019,25.12800007,-148.7439607,-2.597116774,-0.826355337,0.2903430838525747
88,7.059999943,25.41599979,-150.6074565,-2.629654002,-0.836708092,0.2838962589609505
89,7.039999962,25.34399986,-147.9868255,-2.583896953,-0.822149031,0.29295710690528837
90,6.860000134,24.69600048,-153.7209995,-2.684017452,-0.854005553,0.27307280094068753
91,6.440000057,23.18400021,-191.4469033,-3.342723708,-1.063593907,0.17619047619047615
92,6.010000229,21.63600082,-183.5433171,-3.204724584,-1.019685095,0.17619047619047615
93,5.559999943,20.01599979,-170.1643265,-2.971123161,-0.945357369,0.2140055799697257
94,5.710000038,20.55600014,-149.9183141,-2.617621357,-0.832879523,0.2862827220787655
95,5.639999866,20.30399952,-122.0490969,-2.131015978,-0.678050538,0.3824020525574588
96,5.650000095,20.34000034,-122.8236956,-2.144540717,-0.682353864,0.3797248967057689
97,5.900000095,21.24000034,-155.9575036,-2.723067523,-0.866430576,0.2652476949562281
98,5.480000019,19.72800007,-169.5288085,-2.960026815,-0.941826714,0.21637130602712637
99,6.010000229,21.63600082,-185.75649,-3.243367286,-1.0319805,0.17619047619047615
100,5.309999943,19.11599979,-192.4178608,-3.359676935,-1.068988116,0.20695845308777666
101,4.309999943,15.51599979,-157.2619646,-2.745843826,-0.873677581,0.3216578811572493
102,3.769999981,13.57199993,-152.4382151,-2.661619629,-0.846878973,0.3820601111667961
103,3.75999999,13.53599996,-104.0564114,-1.816857977,-0.578091174,0.4360273595437928
104,4.5,16.2,-103.4656437,-1.806542985,-0.574809132,0.4364966645225503
105,5.369999886,19.33199959,-106.2631308,-1.855387998,-0.590350727,0.4379878489726921
106,6.139999866,22.10399952,-149.3220111,-2.607209718,-0.829566728,0.28834540676232506
107,6.269999981,22.57199993,-150.6575648,-2.630528909,-0.836986471,0.28372262077665356
108,6.75,24.3,-165.3241963,-2.886612951,-0.918467757,0.23182561937978402
109,7.369999886,26.53199959,-168.2938139,-2.938463417,-0.934965633,0.22094529609014604
110,7.610000134,27.39600048,-94.79426477,-1.655137956,-0.526634804,0.4809466750499285
111,8.130000114,29.26800041,-111.8946095,-1.953715404,-0.621636719,0.41784451455099747
112,8.319999695,29.9519989,-113.2589515,-1.977537248,-0.629216397,0.4130291079831591
113,8.220000267,29.59200096,-120.1279902,-2.097472845,-0.667377723,0.3890521257604217
114,8.119999886,29.23199959,-126.5903518,-2.21030773,-0.703279732,0.36672642051586535
115,8.329999924,29.98799973,-130.8482891,-2.284652667,-0.726934939,0.35203346937470686
116,8.350000381,30.06000137,-123.838016,-2.162251073,-0.687988978,0.3762219656927757
117,7.349999905,26.45999966,-125.0549561,-2.183499233,-0.694749756,0.3720223407308121
118,5.619999886,20.23199959,-143.3867745,-2.503578602,-0.796593192,0.3087942414237863
119,4.239999771,15.26399918,-155.565598,-2.716224727,-0.864253322,0.3294611054565652
120,2.74000001,9.864000036,-139.9165874,-2.442988034,-0.777314374,0.5
121,1.99000001,7.164000036,-135.9396852,-2.373550059,-0.755220473,0.5000000000000001
122,2.119999886,7.63199959,-128.8067873,-2.249007397,-0.715593263,0.5
123,2.799999952,10.07999983,-135.3520558,-2.363289863,-0.751955866,0.4950961846225862
124,3.519999981,12.67199993,-134.7834569,-2.353361946,-0.748796983,0.38848061837495823
125,4.190000057,15.08400021,-112.8286947,-1.970024828,-0.626826082,0.39307151394494383
126,4.679999828,16.84799938,-124.1983132,-2.168541977,-0.689990629,0.37497829918061604
127,5.400000095,19.44000034,-129.2673164,-2.257048382,-0.718151758,0.3574923158336323
128,5.940000057,21.38400021,-129.5837312,-2.262573084,-0.719909618,0.356400253700962
129,6.409999847,23.07599945,-114.1682916,-1.993414615,-0.634268287,0.4098311552803137
130,6.659999847,23.97599945,-87.82711117,-1.533489243,-0.487928395,0.4999999999999999
131,6.730000019,24.22800007,-79.61736452,-1.39014446,-0.442318692,0.4999999999999999
132,6.929999828,24.94799938,-135.0385387,-2.357815755,-0.750214104,0.3375212220371259
133,6.960000038,25.05600014,-69.85251614,-1.219647107,-0.388069534,0.4999999999999999
134,7.090000153,25.52400055,-102.9157913,-1.796942388,-0.571754396,0.4502145893427108
135,7.070000172,25.45200062,-90.45159736,-1.579313605,-0.502508874,0.49817093688459796
136,6.989999771,25.16399918,-36.01536182,-0.628839651,-0.200085343,0.4999999999999999
137,6.389999866,23.00399952,-52.27541527,-0.912745346,-0.290418974,0.4999999999999999
138,6.059999943,21.81599979,-57.40406004,-1.002293112,-0.318911445,0.4999999999999999
139,5.190000057,18.68400021,-62.49979848,-1.091266323,-0.347221103,0.4999999999999999
140,4,14.4,-56.30032443,-0.983021538,-0.31277958,0.5
141,3.230000019,11.62800007,-66.40474096,-1.159447858,-0.368915228,0.5
142,3.019999981,10.87199993,-57.89363738,-1.010841288,-0.321631319,0.4999999999999999
143,3.450000048,12.42000017,-65.9085096,-1.150783501,-0.366158387,0.4999999999999999
144,4.059999943,14.61599979,-62.99468329,-1.099907169,-0.349970463,0.5
145,4.809999943,28.36800041,-74.7550762,-1.305247362,-0.415305979,0.4999999999999999
146,5.139999866,28.69199924,-74.96116551,-1.308845747,-0.41645092,0.4999999999999999
147,5.550000191,28.76399918,-56.87509005,-0.993057128,-0.315972723,0.4999999999999999
148,5.840000153,29.01600151,-35.89887308,-0.62680572,-0.199438184,0.4999999999999999
149,5.659999847,28.98000069,-27.83364332,-0.485984248,-0.154631352,0.4999999999999999
150,5.949999809,28.69199924,-44.33359956,-0.774078722,-0.246297775,0.4999999999999999
151,5.880000114,28.47599945,-54.2319595,-0.946907229,-0.301288664,0.4999999999999999
152,6.070000172,28.47599945,-46.51096948,-0.812096293,-0.258394275,0.4999999999999999
153,5.889999866,28.58400021,43.0307067,0.7513298,0.239059482,0.4999999999999999
154,6.230000019,28.51200027,23.93819882,0.417968551,0.132989993,0.4999999999999999
155,6.260000229,28.40399952,-1.445119095,-0.025232238,-0.008028439,0.4999999999999999
156,6.179999828,28.58400021,-140.6481227,-2.454592019,-0.781717204,0.3179966817730847
157,6.429999828,28.87200165,-151.4786921,-2.643607191,-0.841913118,0.2806468722972179
158,6.309999943,28.29600048,-144.6924126,-2.525172995,-0.804195221,0.30408909223881775
159,6.730000019,28.40399952,-137.2983926,-2.396132506,-0.763099524,0.3295233615935028
160,6.570000172,28.22400055,-137.179195,-2.394052269,-0.762437028,0.32993404710563445
161,6.429999828,28.18799973,-126.4532696,-2.206863344,-0.702822721,0.3670101253293846
162,6.010000229,28.04399986,-139.0139161,-2.426071834,-0.772634342,0.3236172613350876
163,5.510000229,27.75600014,-157.9721808,-2.756931602,-0.878003695,0.2579131966844604
164,4.559999943,27.46800041,-164.1896872,-2.865439567,-0.912560372,0.23568384743083645
165,3.349999905,27.64799938,-163.9885545,-2.861929398,-0.911442483,0.2364118622007562
166,2.410000086,27.54000034,-161.8682124,-2.824925173,-0.899657698,0.24404800190659662
167,2.230000019,27.50399952,-165.0187776,-2.879908858,-0.917168426,0.23267586396022677
168,2.640000105,27.9,-156.2026665,-2.726050027,-0.868168798,0.26414908604711684
169,3.519999981,28.33199959,-159.0548379,-2.775826142,-0.884021064,0.2540799582448083
170,4.179999828,28.72800007,-171.4158332,-2.991550318,-0.952723031,0.20904287649471726
171,4.480000019,28.44000034,-168.2316627,-2.935980152,-0.935025526,0.22090549788729832
172,4.869999886,28.8,-194.8634416,-3.400758144,-1.083043995,0.17619047619047615
173,5.380000114,29.01600151,-173.8857474,-3.034655277,-0.966450725,0.19968954920985815
174,5.639999866,29.16000137,-179.1049339,-3.125740557,-0.995458776,0.1794291849457384
175,6.070000172,30.41999931,-173.3300268,-3.024956838,-0.96336205,0.2018062935286208
176,6.070000172,31.31999931,-163.7262885,-2.85735233,-0.909984818,0.23736017206067372
177,6.510000229,32.07599945,-158.8841349,-2.772847031,-0.883072303,0.254685298166496
178,6.570000172,33.33600082,-145.5506777,-2.540151443,-0.808965428,0.3011346575555355
179,6.639999866,34.4519989,-142.3978513,-2.485128295,-0.791442132,0.3160396459154071
180,6.619999886,34.66800041,-133.8658199,-2.336227224,-0.744021409,0.34138951144119484
181,6.539999962,34.88399849,-131.857638,-2.301180418,-0.732860006,0.34127807636220675
182,6.179999828,34.81200027,-125.7936801,-2.195352184,-0.699156746,0.3435242164871498
183,6.090000153,34.56000137,-110.7356431,-1.932559216,-0.615464719,0.351371019930984
184,6.139999866,34.63199959,-116.2357754,-2.028547563,-0.646034256,0.3491311813947921
185,6.199999809,34.27200165,-117.746445,-2.05491178,-0.654430503,0.3603192154718619
186,6.309999943,33.98399849,-120.4743757,-2.102519646,-0.669592244,0.3692591881565308
187,5.909999847,33.69599877,-129.4259484,-2.258742554,-0.719344763,0.3567511889512851
188,5.739999771,33.87599945,-123.9264995,-2.162766134,-0.688779024,0.37261216937020214
189,4.96999979,33.73199959,-132.9583643,-2.320390302,-0.738977803,0.344535699946431
190,3.829999924,33.87599945,-127.7667439,-2.229786106,-0.710122964,0.3624781586262544
191,3.00999999,33.76800041,-131.2613285,-2.290773621,-0.729545739,0.35040949123386783
192,2.630000114,33.51600151,-127.6734286,-2.228157568,-0.709604321,0.36280015383552483
193,2.700000048,33.15600014,-136.6031437,-2.383999017,-0.759235356,0.3319194931712533
194,3.190000057,32.58000069,-141.2431412,-2.464976286,-0.785024295,0.31595090398252695
195,3.849999905,31.46399918,-147.40546,-2.572521117,-0.819274241,0.294742136801884
196,4.460000038,30.81600151,-146.111006,-2.549930297,-0.812079713,0.29920472186934877
197,4.630000114,31.46399918,-144.2406054,-2.517288053,-0.801684093,0.30564367912212487
198,4.679999828,31.89599877,-145.5222725,-2.539655715,-0.808807553,0.30123246857056035
199,4.820000172,31.82400055,-162.4268343,-2.834674247,-0.902762499,0.24204284590448763
200,5.070000172,32.97599945,-158.4975578,-2.766100485,-0.880923721,0.26149529635812635
201,5.230000019,33.58799973,-156.085509,-2.724005392,-0.867517641,0.27421538882337304
202,5.159999847,34.2,-155.306887,-2.710416876,-0.863190088,0.2835915264490101
203,5.230000019,33.19200096,-168.4108742,-2.939107752,-0.936021577,0.2327930442631369
204,5.179999828,34.38000069,-168.3749466,-2.938480744,-0.935821893,0.2431962948254544
205,5.039999962,34.8480011,-164.1411065,-2.864591736,-0.912290362,0.2645894365749636
206,5.110000134,33.80400123,-171.0266963,-2.984759098,-0.950560222,0.2274697074646565
207,5.230000019,33.9480011,-166.8435036,-2.911753989,-0.927310188,0.24487618772095174
208,5.28000021,33.19200096,-168.1020943,-2.933718923,-0.93430539,0.2338894743894095
209,5.340000153,32.68799973,-166.9264034,-2.913200758,-0.927770942,0.23407173464590506
210,5.110000134,33.15600014,-170.0272277,-2.967316364,-0.945005212,0.2266323969022638
211,5.21999979,33.40799904,-174.8575643,-3.051615433,-0.971852049,0.2085436854990217
212,5.050000191,33.69599877,-175.7379161,-3.066979338,-0.976745012,0.20601018343070246
213,4.989999771,32.03999863,-168.3627113,-2.938267213,-0.93575389,0.22495262726900603
214,5.329999924,32.76000137,-168.0566439,-2.932925723,-0.934052778,0.2308235102824097
215,5.230000019,18.82800007,-178.2725908,-3.111214499,-0.990832643,0.216656664603885
216,5.25,18.9,-183.6730616,-3.205463553,-1.020848265,0.2142454154102899
217,5.369999886,19.33199959,-185.1855121,-3.231858851,-1.029254411,0.19958707544081247
218,5.809999943,20.91599979,-182.8565025,-3.191212959,-1.016309859,0.17619047619047615
219,6,21.6,-185.8356785,-3.243205558,-1.032868012,0.17619047619047615
220,6.079999924,21.88799973,-179.9403522,-3.140320283,-1.000102001,0.17619047619047615
221,5.75,20.7,-171.5614964,-2.994092434,-0.953532622,0.20849509186483361
222,5.269999981,18.97199993,-169.2994166,-2.9546146,-0.940960064,0.2169507447719005
223,4.159999847,14.97599945,-180.7272505,-3.154053237,-1.004475553,0.3384045935721986
224,3.460000038,12.45600014,-161.1406293,-2.812227388,-0.895613818,0.4171040484204467
225,3.099999905,11.15999966,-153.8598088,-2.685162457,-0.855147279,0.4531567548847562
226,2.660000086,9.57600031,-155.7491613,-2.71813545,-0.865648232,0.5000000000000001
227,2.589999914,9.32399969,-162.2826835,-2.832158525,-0.901961314,0.5000000000000001
228,3.319999933,11.95199976,-161.8986227,-2.825455893,-0.899826717,0.4330195450813784
229,3.910000086,14.07600031,-161.8968672,-2.825425257,-0.899816961,0.36640343858259916
230,4.420000076,15.91200027,-165.7000524,-2.891798471,-0.920954927,0.30940874522727113
231,4.769999981,17.17199993,-157.2555428,-2.744424831,-0.874020647,0.27018474614203225
232,5.050000191,18.18000069,-153.0487679,-2.671008165,-0.850639543,0.2751848917017508
233,5.320000172,19.15200062,-139.0534238,-2.426761323,-0.772853925,0.32348133080356095
234,5.46999979,19.69199924,-146.110096,-2.549914416,-0.812074655,0.2992078571245005
235,5.710000038,20.55600014,-146.1739956,-2.551029592,-0.812429806,0.29898770643924644
236,5.940000057,21.38400021,-143.83957,-2.51028918,-0.799455153,0.30702324529793834
237,5.679999828,20.44799938,-144.6033672,-2.523618973,-0.80370031,0.3043955149056931
238,5.630000114,20.26800041,-143.7276799,-2.508336472,-0.798833271,0.3074081014336766
239,5.769999981,20.77199993,-138.466997,-2.416526999,-0.769594586,0.3254993334336809
240,5.820000172,20.95200062,-136.827761,-2.387919041,-0.760483771,0.3311451716451926
241,6.210000038,22.35600014,-134.14668,-2.341128796,-0.745582419,0.3404148892011663
242,6.409999847,23.07599945,-132.9223214,-2.319761281,-0.738777478,0.34466057890005897
243,6.349999905,22.85999966,-132.4180465,-2.310960672,-0.735974736,0.34640713923749994
244,6.320000172,22.75200062,-135.124177,-2.35818808,-0.751015312,0.33702321406589464
245,6.429999828,23.14799938,-140.6494286,-2.45461481,-0.781724462,0.31799219170618875
246,6.610000134,23.79600048,-149.6191088,-2.611153732,-0.831577622,0.2870935831483701
247,6.679999828,24.04799938,-157.15358,-2.742645375,-0.873453941,0.2608023317016654
248,6.739999771,24.26399918,-160.605337,-2.802885462,-0.892638682,0.2485644778077778
249,7.190000057,25.88400021,-167.3220486,-2.920105561,-0.929969924,0.22425705828856074
250,6.860000134,24.69600048,-165.9120864,-2.895498891,-0.922133405,0.2294218546428351
251,7.019999981,25.27199993,-164.7575477,-2.875349872,-0.91571652,0.23362485503920813
252,7.340000153,26.42400055,-161.2507579,-2.814149353,-0.896225909,0.24625904475337532
253,7.03000021,25.30800076,-159.6518239,-2.786244745,-0.887339091,0.251960056045894
254,6.269999981,22.57199993,-172.7035661,-3.014023841,-0.959880204,0.20418380504885142
255,6.110000134,21.99600048,-175.6233295,-3.064979573,-0.976108144,0.1930227547343064
256,5.670000076,20.41200027,-170.5148573,-2.975826479,-0.947715439,0.21242087504788215
257,5.059999943,18.21599979,-167.7440476,-2.92747029,-0.932315379,0.236829983925919
258,4.650000095,16.74000034,-166.1844125,-2.900251527,-0.923646983,0.28371417108111424
259,4.159999847,14.97599945,-167.5239625,-2.923629363,-0.931092154,0.3384045935721986
260,3.25,11.7,-177.8682455,-3.104157863,-0.988585307,0.4414839594588936
261,2.799999952,10.07999983,-180.5010419,-3.150105443,-1.003218294,0.4970874303976564
262,2.410000086,8.67600031,-487.4738162,-8.511447584,-2.708187868,0.4999999999999999
263,1.860000014,6.69600005,-499.9905301,-8.729993383,-2.777725167,0.4999999999999999
264,1.970000029,7.092000104,-467.4326802,-8.161522988,-2.596848223,0.4999999999999999
265,3.210000038,11.55600014,-260.3850659,-4.546405913,-1.446583699,0.4462157233413814
266,4,14.4,-61.85713703,-1.08004525,-0.343650761,0.5
267,5.019999981,18.07199993,-45.53829737,-0.795113129,-0.252990541,0.5
268,5.550000191,19.98000069,-158.6470008,-2.770026998,-0.881372227,0.2557690993023019
269,5.920000076,21.31200027,-137.1512941,-2.394705135,-0.761951634,0.3302349767464937
270,6.650000095,23.94000034,-142.2183942,-2.483178311,-0.79010219,0.31280987461423443
271,6.739999771,24.26399918,-203.5596647,-3.554216368,-1.130887026,0.17619047619047615
272,6.639999866,23.90399952,-198.8026719,-3.471157763,-1.104459288,0.17619047619047615
273,6.409999847,23.07599945,-200.789647,-3.505850979,-1.115498039,0.17619047619047615
274,6.090000153,21.92400055,-165.8017528,-2.894951239,-0.921120849,0.230086598961422
275,5.78000021,20.80800076,-158.9534925,-2.77537844,-0.883074958,0.2546836046974666
276,5.559999943,20.01599979,-166.8456171,-2.913177441,-0.926920095,0.22627139857989415
277,6.599999905,23.75999966,-164.7126533,-2.875935216,-0.915070296,0.23404687029140805
278,6.369999886,22.93199959,-152.4740312,-2.662244989,-0.847077951,0.27741642735446537
279,6.239999771,22.46399918,-136.1810123,-2.377763707,-0.756561179,0.33357880324623285
280,5.369999886,19.33199959,-155.3978532,-2.71329585,-0.863321407,0.2672102981526244
281,3.5,12.6,-185.6844648,-3.242109703,-1.03158036,0.4125324901250486
282,2.690000057,9.684000205,-161.7509967,-2.824223752,-0.898616648,0.5
283,3.329999924,11.98799973,-157.8748507,-2.756545012,-0.877082504,0.4295888871516747
284,2.819999933,10.15199976,-171.6247961,-2.996623424,-0.953471089,0.4941650328260894
285,2.809999943,30.56399918,-169.5324021,-2.96008956,-0.941846678,0.2163579523588273
286,3.579999924,31.03199959,-169.0468187,-2.95161112,-0.939148993,0.21816003581145396
287,4.320000172,30.67200165,-167.9333264,-2.932169191,-0.932962924,0.22227478329093436
288,4.630000114,32.86800041,-134.9807378,-2.356806533,-0.749892988,0.33772123782098723
289,4.949999809,35.02799835,-152.8948927,-2.669593365,-0.849416071,0.30100179327881416
290,5.480000019,36.93600083,-148.7431969,-2.597103438,-0.826351094,0.28211320884158547
291,6.079999924,38.2680004,-142.2985848,-2.484578465,-0.790547693,0.25618327414356645
292,5.28000021,39.52799834,-134.1056266,-2.341526814,-0.745031259,0.21327569003148944
293,5.46999979,41.00400122,-134.5351522,-2.349026467,-0.747417512,0.18765461728361713
294,5.139999866,42.55199888,-130.2652212,-2.274472116,-0.723695673,0.18652648755486206
295,5.480000019,43.12799834,-129.5477524,-2.261944883,-0.719709736,0.18633749738536393
296,5.53000021,43.45199888,-125.8849326,-2.197990887,-0.699360737,0.18537524218844847
297,5.190000057,43.23600083,-140.2636953,-2.449048648,-0.779242752,0.18638714844289914
298,4.579999924,43.70400122,-153.6986973,-2.683628048,-0.853881652,0.1828783628139516
299,4.630000114,43.77599946,-152.5366426,-2.663338204,-0.847425792,0.1831794848861257
300,4.21999979,44.28000068,-153.8941888,-2.687041392,-0.854967716,0.18282775029238044
301,3.710000038,45.14399986,-151.2860752,-2.6415029,-0.840478196,0.18350405263225325
302,3.099999905,45.07200166,-137.5251947,-2.401233558,-0.764028859,0.1871095482030981
303,2.25,45.61200029,37.77971288,0.65964578,0.209887294,0.17619047619047615
304,2.359999895,45.61200029,59.25123308,1.034545339,0.329173517,0.17619047619047615
305,2.150000095,46.18799971,-125.8849326,-2.197990887,-0.699360737,0.18537524218844847
306,1.820000052,46.90799903,-140.2636953,-2.449048648,-0.779242752,0.18638714844289914
307,1.450000048,47.55600014,-153.6986973,-2.683628048,-0.853881652,0.1828783628139516
308,1.600000024,47.77200166,-152.5366426,-2.663338204,-0.847425792,0.1831794848861257
309,0.980000019,48.06000137,-130.2652212,-2.274472116,-0.723695673,0.18652648755486206
310,0,47.84399986,-349.1846904,-6.096875547,-1.939914947,0.17619047619047615
311,0,48.02400054,-158.5642446,-2.768582049,-0.88091247,0.18162256661053086
312,0,47.80799903,-160.3274147,-2.799367558,-0.890707859,0.1811695127264266
313,0,47.44800112,-160.0164397,-2.793937836,-0.888980221,0.18124934020804415
314,0.670000017,46.26000137,-158.062357,-2.759818932,-0.878124206,0.18175172646764576
315,0.889999986,46.58399849,-101.5019317,-1.77225595,-0.563899621,0.17908437918494977
316,1.230000019,46.43999863,-116.7877234,-2.039150726,-0.648820686,0.18300435288607858
317,1,46.76399917,-190.170417,-3.320435852,-1.056502317,0.17619047619047615
318,1.080000043,45.25199888,-296.0713425,-5.169499631,-1.644840792,0.17619047619047615
319,0.930000007,44.89200097,-358.9553792,-6.267474875,-1.994196551,0.17619047619047615
320,0.810000002,44.71200029,-545.1530024,-9.518544486,-3.028627791,0.17619047619047615
321,0.699999988,45.50400122,-721.4784788,-12.59724328,-4.008213771,0.17619047619047615
322,0.449999988,46.58399849,-423.2179773,-7.389520239,-2.351210985,0.17619047619047615
323,0.209999993,47.01600151,-205.297154,-3.584553483,-1.140539744,0.17619047619047615
324,0.370000005,46.8,-24.28821903,-0.424080015,-0.13493455,0.17619047619047615
325,1.269999981,47.2680004,-63.42051346,-1.107342299,-0.352336186,0.17619047619047615
326,1.659999967,46.47599946,-61.65580941,-1.076530006,-0.342532275,0.17619047619047615
327,2.859999895,46.3319996,-84.31506408,-1.472167786,-0.468417023,0.17619047619047615
328,3.359999895,45.97200166,-37.13584458,-0.648403636,-0.206310248,0.17619047619047615
329,3.920000076,45.18000068,-56.68340028,-0.989710164,-0.314907779,0.17619047619047615
330,4.380000114,44.85600014,-55.89296517,-0.975908916,-0.310516473,0.17619047619047615
331,5.480000019,45.28799971,-62.9324774,-1.098821034,-0.349624874,0.17619047619047615
332,5.46999979,44.96399917,-64.52579778,-1.126640914,-0.358476654,0.17619047619047615
333,5.389999866,43.70400122,-68.29971326,-1.192534676,-0.379442851,0.17619047619047615
334,4.760000229,41.65199888,-63.42051346,-1.107342299,-0.352336186,0.17619047619047615
335,4.800000191,40.53600083,-61.65580941,-1.076530006,-0.342532275,0.17619047619047615
336,4.769999981,40.10400122,-84.31506408,-1.472167786,-0.468417023,0.17619047619047615
337,4.980000019,39.85199888,-119.3267444,-2.083482839,-0.662926358,0.1903956950485152
338,4.650000095,39.41999932,-108.1008723,-1.887475548,-0.600560402,0.20241489413200006
339,4.789999962,39.23999863,-107.5610003,-1.878049212,-0.597561113,0.20820278050958316
340,4.789999962,38.77200166,-104.9741447,-1.832881892,-0.583189693,0.22101230838582955
341,4.650000095,37.76399917,-107.1691492,-1.871207367,-0.595384162,0.2514092954237354
342,4.690000057,36.57599946,-112.8429424,-1.970273597,-0.626905236,0.28882253609897496
343,4.480000019,16.12800007,-120.582615,-2.105410738,-0.669903417,0.3829037769450607
344,4.579999924,16.48799973,-123.0045851,-2.147699105,-0.683358806,0.37909998962161434
345,4.900000095,17.64000034,-125.7283016,-2.19525606,-0.698490564,0.369699595095607
346,4.760000229,17.13600082,-118.9530881,-2.076958681,-0.660850489,0.39312831314404434
347,3.710000038,13.35600014,-106.2484787,-1.855132168,-0.590269326,0.42941644947965885
348,3.369999886,12.13199959,-98.43996615,-1.71879306,-0.546888701,0.4637249497390971
349,3.039999962,10.94399986,-98.00522802,-1.711202394,-0.544473489,0.468469908647779
350,3.319999933,11.95199976,-96.49238837,-1.684787733,-0.536068824,0.4718273676353261
351,3.24000001,11.66400004,-92.40480123,-1.613417164,-0.513360007,0.4892601205089552
352,3.24000001,11.66400004,-94.03336939,-1.641852481,-0.522407608,0.4823672611187292
353,3.390000105,12.20400038,-108.2882542,-1.890747296,-0.601601412,0.4297779514701383
354,3.319999933,11.95199976,-107.7964498,-1.882160235,-0.598869166,0.4331504733029892
355,3.690000057,13.28400021,-106.2040319,-1.854356113,-0.590022399,0.43004816073287416
356,4,14.4,-112.1612306,-1.958370693,-0.623117948,0.4010390575201157
357,4.849999905,36.32400054,-146.9713853,-2.566167045,-0.816507696,0.296535718548543
358,4.670000076,37.11600151,-129.3894218,-2.259180381,-0.718830121,0.2893837436607913
359,4.150000095,37.76399917,-120.0558867,-2.096213895,-0.666977148,0.2614737956295801
360,3.75,39.09599878,-50.5759061,-0.883071376,-0.280977256,0.20763666193524982
361,3.380000114,39.6,-47.32048649,-0.826230716,-0.262891592,0.19031467335537564
362,2.539999962,40.64399986,-65.08716465,-1.136442557,-0.361595359,0.17619047619047615
363,2.519999981,41.03999863,-60.68724585,-1.059618578,-0.337151366,0.17619047619047615
364,2.710000038,40.35600014,-62.44706023,-1.090345496,-0.346928112,0.17619047619047615
365,3.319999933,40.9680004,-66.26912278,-1.157079922,-0.368161793,0.17619047619047615
366,4,41.8319996,-58.7967092,-1.026609208,-0.326648384,0.17619047619047615
367,4.46999979,41.93999863,-53.02088791,-0.925761535,-0.294560488,0.17619047619047615
368,4.639999866,42.55199888,-49.87917839,-0.870906289,-0.277106547,0.17619047619047615
369,4.570000172,41.29200097,-47.08700463,-0.822154049,-0.26159447,0.17619047619047615
370,3.960000038,43.30799903,-5.947512169,-0.103845451,-0.033041734,0.17619047619047615
371,3.299999952,43.30799903,51.15686717,0.893215141,0.284204818,0.17619047619047615
372,2.890000105,43.12799834,55.03914084,0.961000872,0.305773005,0.17619047619047615
373,2.75999999,43.88399849,73.62670302,1.285545608,0.409037239,0.17619047619047615
374,2.210000038,44.31600151,-209.9097316,-3.665090552,-1.166165176,0.17619047619047615
375,2.50999999,44.24399986,-151.9944825,-2.653871917,-0.844413792,0.18332013045534537
376,2.190000057,44.63999863,-194.4170417,-3.394583268,-1.080094676,0.17619047619047615
377,2.119999886,45.10799903,-201.5501292,-3.51912924,-1.11972294,0.17619047619047615
378,2.599999905,45.07200166,-136.6607756,-2.386140526,-0.759226531,0.18733806961735755
379,3.460000038,44.38799971,-240.7466635,-4.203513172,-1.337481464,0.17619047619047615
380,3.789999962,44.02799834,-312.6030424,-5.458148359,-1.736683569,0.17619047619047615
381,4.429999828,42.55199888,-273.1361316,-4.769043568,-1.517422953,0.17619047619047615
382,5.309999943,41.54399986,-235.3230983,-4.108816002,-1.307350546,0.17619047619047615
383,6.050000191,41.54399986,-247.3770906,-4.319282534,-1.37431717,0.17619047619047615
384,6.489999771,41.4,-244.8192902,-4.274622527,-1.360107168,0.17619047619047615
385,7.039999962,40.0680004,-264.3586655,-4.615786223,-1.468659253,0.17619047619047615
386,7.070000172,39.85199888,-277.076815,-4.837849151,-1.539315639,0.17652306347625837
387,6.96999979,39.96000137,-281.4332291,-4.913913524,-1.563517939,0.1762802938959453
388,7.150000095,39.67200166,-241.4549292,-4.215879716,-1.341416273,0.17692846400776444
389,7.489999771,40.10400122,-247.3180682,-4.318251984,-1.373989268,0.17619047619047615
390,7.300000191,40.39200097,-238.9862188,-4.172775249,-1.327701216,0.17619047619047615
391,7.349999905,40.10400122,-278.2871613,-4.858982181,-1.546039785,0.17619047619047615
392,7.230000019,40.89599878,-280.268686,-4.893580232,-1.557048256,0.17619047619047615
393,7.739999771,41.43600083,-273.4039527,-4.773719809,-1.518910848,0.17619047619047615
394,8.170000076,41.29200097,-309.929738,-5.411471616,-1.721831878,0.17619047619047615
395,8.369999886,41.21999932,-280.6764709,-4.900700286,-1.559313727,0.17619047619047615
396,8.31000042,41.8680004,-287.6971453,-5.023283489,-1.598317474,0.17619047619047615
397,7.650000095,42.91200029,-344.0600374,-6.007397478,-1.911444652,0.17619047619047615
398,6.760000229,42.94800112,-294.1217524,-5.135459169,-1.634009736,0.17619047619047615
399,5.570000172,41.90400122,-296.378505,-5.174862786,-1.64654725,0.17619047619047615
400,3.970000029,41.58000068,-297.6143156,-5.196440431,-1.653412864,0.17619047619047615
401,2.619999886,42.08399849,-290.4988646,-5.072202398,-1.613882581,0.17619047619047615
402,1.99000001,41.93999863,-283.1659154,-4.944166777,-1.573143974,0.17619047619047615
403,2.460000038,41.58000068,-280.6235356,-4.899776018,-1.559019642,0.17619047619047615
404,3.150000095,40.78799971,-283.9231133,-4.957387693,-1.577350629,0.17619047619047615
405,3.369999886,40.71600151,-288.1355277,-5.030937785,-1.600752932,0.17619047619047615
406,3.970000029,40.28399849,-324.0505354,-5.658025221,-1.800280752,0.17619047619047615
407,4.329999924,39.74399986,-352.6180291,-6.15682273,-1.958989051,0.17676618569457886
408,4.599999905,39.88799971,-344.3530322,-6.012513261,-1.913072401,0.1764421001499742
409,5.070000172,39.78000068,-343.2955408,-5.994049125,-1.907197449,0.17668510242782498
410,5.150000095,39.92400054,-424.7818105,-7.416825263,-2.359898947,0.17636117693591863
411,5.340000153,40.0680004,-376.8636085,-6.580158244,-2.093686714,0.17619047619047615
412,5.510000229,39.70799903,-382.3005639,-6.675089211,-2.123892022,0.17684730884993616
413,5.800000191,38.66399917,-392.1233274,-6.84659778,-2.17846293,0.17921689547085873
414,5.190000057,39.23999863,-360.7086954,-6.298088332,-2.003937197,0.17790548643128162
415,5.900000095,38.77200166,-359.4481611,-6.276079003,-1.996934228,0.17897025060604568
416,5.849999905,39.09599878,-420.2194696,-7.337165342,-2.334552609,0.1782324116633146
417,5.929999828,39.41999932,-424.9813938,-7.42031005,-2.361007743,0.17749770627086373
418,5.679999828,39.09599878,-422.4117825,-7.375443821,-2.346732125,0.1782324116633146
419,5.690000057,39.78000068,-394.2629734,-6.883956678,-2.190349852,0.17668510242782498
420,5.929999828,40.24800112,-332.9461386,-5.813345277,-1.84970077,0.17619047619047615
421,5.610000134,39.92400054,-332.8502095,-5.811670325,-1.849167831,0.17636117693591863
422,5.519999981,39.56399917,-286.467773,-5.001818259,-1.591487628,0.17717219109583565
423,5.579999924,39.34800112,-161.0833716,-2.812566806,-0.89490762,0.20530589457732007
424,5.519999981,38.77200166,-155.4825945,-2.71477546,-0.863792192,0.22775925729482766
425,5.659999847,33.3,-276.7022151,-4.831308518,-1.537234528,0.18376034561164165
426,5.989999771,30.96000137,-219.6368914,-3.83492985,-1.220204952,0.17835971750866952
427,5.809999943,29.9519989,-286.1437514,-4.996160739,-1.589687508,0.17619047619047615
428,5.5,29.0519989,-290.4486877,-5.071326293,-1.613603821,0.17619047619047615
429,4.880000114,28.40399952,-282.8341116,-4.938373377,-1.57130062,0.17619047619047615
430,3.579999924,28.44000034,-251.493155,-4.391150325,-1.397184194,0.17619047619047615
431,3.089999914,28.36800041,-245.0319254,-4.278335205,-1.361288474,0.17619047619047615
432,2.400000095,28.69199924,-251.2445632,-4.386809834,-1.395803129,0.17619047619047615
433,1.879999995,28.76399918,-253.3280729,-4.423188574,-1.407378183,0.17619047619047615
434,1.899999976,29.01600151,-246.2612617,-4.299799807,-1.368118121,0.17619047619047615
435,2.450000048,28.98000069,-234.4252787,-4.093139787,-1.302362659,0.17619047619047615
436,2.890000105,28.69199924,-202.0183144,-3.527303902,-1.122323969,0.17619047619047615
437,4.090000153,28.47599945,-193.7415224,-3.382788486,-1.076341791,0.17619047619047615
438,4.46999979,28.47599945,-248.1039056,-4.331972955,-1.378355031,0.17619047619047615
439,4.460000038,28.58400021,-312.3909593,-5.454445321,-1.735505329,0.17619047619047615
440,4.989999771,28.51200027,-209.9097316,-3.665090552,-1.166165176,0.17619047619047615
441,5.199999809,28.40399952,-151.9944825,-2.653871917,-0.844413792,0.27908357783358767
442,5.860000134,28.58400021,-194.4170417,-3.394583268,-1.080094676,0.17619047619047615
443,6.309999943,28.87200165,-201.5501292,-3.51912924,-1.11972294,0.17619047619047615
444,6.71999979,28.29600048,-227.3256074,-3.969177272,-1.262920041,0.17619047619047615
445,6.809999943,28.40399952,-274.0417395,-4.784855769,-1.522454108,0.17619047619047615
446,6.949999809,28.22400055,-324.7448542,-5.670148248,-1.804138079,0.17619047619047615
447,7.019999981,28.18799973,-308.8148312,-5.392004989,-1.715637951,0.17619047619047615
448,7.260000229,28.04399986,-323.7823246,-5.653342176,-1.798790692,0.17619047619047615
449,7.039999962,27.75600014,-334.4082055,-5.838873429,-1.857823364,0.17619047619047615
450,6.840000153,27.46800041,-319.7801658,-5.583463212,-1.776556477,0.17619047619047615
451,6.840000153,27.64799938,-311.2939985,-5.435292037,-1.729411103,0.17619047619047615
452,6.900000095,27.54000034,-316.0651286,-5.518597483,-1.755917381,0.17619047619047615
453,6.789999962,27.50399952,-338.5996225,-5.912056901,-1.881109014,0.17619047619047615
454,6.849999905,27.9,-361.9710587,-6.320129596,-2.010950326,0.17619047619047615
455,6.670000076,28.33199959,-272.4336767,-4.756778482,-1.513520426,0.17619047619047615
456,6.889999866,28.72800007,-307.9084708,-5.376179649,-1.710602616,0.17619047619047615
457,6.730000019,28.44000034,-333.9215089,-5.830375552,-1.855119494,0.17619047619047615
458,6.409999847,28.8,-358.2025843,-6.254330837,-1.990014357,0.17619047619047615
459,5.800000191,29.01600151,-313.265123,-5.469708497,-1.740361794,0.17619047619047615
460,4.5,29.16000137,-308.6761502,-5.389583575,-1.714867501,0.17619047619047615
461,3.119999886,30.41999931,-364.7471308,-6.368600697,-2.026372949,0.1771360582735759
462,1.860000014,31.31999931,-354.0561007,-6.181931917,-1.966978337,0.17918033119595853
463,1.690000057,32.07599945,-351.9337114,-6.144874326,-1.955187286,0.18091596595110412
464,2.089999914,33.33600082,-365.590478,-6.383325806,-2.031058211,0.1838446301155077
465,2.619999886,34.4519989,-360.7530103,-6.298862085,-2.004183391,0.18647451806721968
466,3.019999981,34.66800041,-370.0747995,-6.461623483,-2.055971108,0.1869872969156052
467,3.829999924,34.88399849,-284.1175292,-4.960782256,-1.578430718,0.18750126307303716
468,4.090000153,34.81200027,-288.2151272,-5.032327618,-1.601195151,0.18732981154648834
469,4.320000172,34.56000137,-275.3548985,-4.807783942,-1.529749436,0.18673076147836457
470,4.559999943,34.63199959,-333.8960176,-5.829930466,-1.854977876,0.18690174912417712
471,4.96999979,34.27200165,-327.0498909,-5.71039492,-1.816943838,0.18604813258490313
472,5.300000191,33.98399849,-216.4700392,-3.779635605,-1.202611329,0.18536765503081162
473,5.440000057,33.69599877,-268.8314708,-4.693882823,-1.493508171,0.18468937038908576
474,5.519999981,33.87599945,-320.1926155,-5.590664715,-1.778847864,0.18511304290432853
475,5.880000114,33.73199959,-372.3853188,-6.501965884,-2.068807327,0.1847740376257693
476,5.559999943,33.87599945,-496.9275607,-8.676512965,-2.760708671,0.18511304290432853
477,5.630000114,33.76800041,-475.5748112,-8.30368718,-2.642082284,0.1848587393518479
478,5.550000191,33.51600151,-461.8459401,-8.063976732,-2.565810778,0.18426656937018543
479,5.360000134,33.15600014,-433.1765183,-7.563399526,-2.406536213,0.18342356713415575
480,5.480000019,32.58000069,-333.4079663,-5.821408935,-1.852266479,0.18208213625743538
481,5.409999847,31.46399918,-407.3643154,-7.112710269,-2.263135086,0.17950964848307835
482,5.190000057,30.81600151,-395.9809749,-6.91395353,-2.199894305,0.178032550497796
483,4.739999771,31.46399918,-385.1094523,-6.724133294,-2.139496957,0.17950964848307835
484,4.320000172,31.89599877,-384.1245879,-6.706937249,-2.134025488,0.1805012219011161
485,2.829999924,31.82400055,-408.7823643,-7.137469853,-2.271013135,0.18033558899769012
486,1.929999948,32.97599945,-420.4599332,-7.341363913,-2.335888518,0.18300338686335046
487,1.480000019,33.58799973,-406.4017288,-7.095903201,-2.257787382,0.1844355841532932
488,1.679999948,34.2,-397.8999599,-6.947459617,-2.210555333,0.18587780772686438
489,2.059999943,33.19200096,-339.5874695,-5.929305023,-1.886597053,0.18350771091915422
490,2.710000038,34.38000069,-348.1417426,-6.078665347,-1.934120792,0.1863038646804473
491,3.450000048,34.8480011,-372.8497663,-6.510075285,-2.071387591,0.18741552492244185
492,4.090000153,33.80400123,-395.9635711,-6.913649654,-2.199797617,0.18494347551685092
493,4.46999979,33.9480011,-395.0415155,-6.897550271,-2.194675086,0.185282755519297
494,4.75,33.19200096,-416.9145278,-7.279460009,-2.316191821,0.18350771091915422
495,4.900000095,32.68799973,-224.0320971,-3.911671537,-1.244622762,0.1823329541014312
496,5.21999979,33.15600014,-210.1913746,-3.670008128,-1.167729859,0.18342356713415575
497,5.050000191,33.40799904,-318.3138224,-5.557860391,-1.768410124,0.1840132962098804
498,5.130000114,33.69599877,-411.8662257,-7.191315052,-2.288145698,0.18468937038908576
499,4.739999771,32.03999863,-414.5261711,-7.237758543,-2.302923173,0.18083294150160745
500,4.739999771,32.76000137,-259.7141394,-4.534691323,-1.44285633,0.18250035136314627
