speed,kmh,yaw,rad,pirad
5.29E+00,19.04399986,15.74358157,0.274757095,0.08750226
5.70E+00,20.51999931,-0.51187089,-0.008933174,-0.00284496
5.78E+00,20.80800076,2.525328649,0.044072053,0.014035686
6.47E+00,23.29199924,3.082381882,0.05379375,0.017131768
6.13E+00,22.06800041,-4.93660028,-0.086153583,-0.027437447
6.11E+00,21.99600048,-27.25014774,-0.475569769,-0.15145534
6.03E+00,21.70800076,-84.78372384,-1.47964614,-0.471224885
6.10E+00,21.95999966,-86.56083261,-1.510660255,-0.481101992
6.04E+00,21.74399986,-47.89150815,-0.835802935,-0.266179279
6.28E+00,22.60800076,-33.48252823,-0.584337316,-0.186094687
6.31E+00,22.71599979,-37.45701727,-0.653700127,-0.208184754
6.07E+00,21.85200062,-61.42210271,-1.071938965,-0.341381836
5.79E+00,43.70400122,127.7881593,2.230159848,0.71024199
4.59E+00,41.65199888,126.1424473,2.201438871,0.701095182
3.28E+00,40.53600083,123.1573924,2.149343672,0.684504354
2.74E+00,40.10400122,122.2047388,2.132717955,0.67920954
2.42E+00,39.85199888,121.2149422,2.115444017,0.673708286
3.05E+00,39.41999932,121.4304722,2.119205449,0.674906194
3.66E+00,39.23999863,123.6185321,2.157391485,0.687067352
4.12E+00,38.77200166,124.3397041,2.169977384,0.6910756
4.57E+00,37.76399917,123.1462741,2.149149635,0.684442559
4.93E+00,36.57599946,121.7340234,2.124503026,0.67659332
4.82E+00,35.28000069,133.8485782,2.335926321,0.74392558
5.32E+00,33.83999863,125.4414594,2.189205225,0.697199116
5.37E+00,32.58000069,138.1500414,2.410995487,0.767832958
5.63E+00,31.2480011,139.0843941,2.427301817,0.773026056
5.79E+00,30.67200165,127.5879091,2.22666508,0.709129006
6.03E+00,29.73600082,127.7881593,2.230159848,0.71024199
6.12E+00,26.92800007,126.1424473,2.201438871,0.701095182
6.14E+00,25.09199924,123.1573924,2.149343672,0.684504354
6.26E+00,24.04799938,122.2047388,2.132717955,0.67920954
5.81E+00,22.21200027,121.2149422,2.115444017,0.673708286
6.09E+00,21.56399918,121.4304722,2.119205449,0.674906194
6.18E+00,19.47599945,123.6185321,2.157391485,0.687067352
5.85E+00,19.11599979,124.3397041,2.169977384,0.6910756
5.77E+00,18.54000034,123.1462741,2.149149635,0.684442559
5.77E+00,21.6,121.7340234,2.124503026,0.67659332
5.57E+00,20.84399986,133.8485782,2.335926321,0.74392558
4.94E+00,22.24799938,125.4414594,2.189205225,0.697199116
4.35E+00,24.40800076,138.1500414,2.410995487,0.767832958
3.77E+00,25.88400021,139.0843941,2.427301817,0.773026056
3.52E+00,27.79199924,138.3482748,2.414455058,0.768934732
3.35E+00,29.23199959,140.3849358,2.44999888,0.78025442
3.53E+00,30.23999863,138.6421101,2.419583073,0.770567858
4.19E+00,31.7519989,135.3311808,2.361800712,0.752165832
4.03E+00,33.40799904,135.1671839,2.358938637,0.751254343
4.35E+00,15.65999966,132.9187603,2.319699133,0.738757686
4.52E+00,16.27199993,138.6733177,2.420127709,0.770741308
4.89E+00,17.60399952,141.1600624,2.463526394,0.784562546
4.95E+00,17.81999931,140.6160852,2.454032901,0.78153914
5.48E+00,19.72800007,140.6974041,2.455452079,0.781991108
5.68E+00,20.44799938,140.3407775,2.449228229,0.78000899
5.91E+00,21.27599945,139.9181364,2.441852293,0.777659966
6.16E+00,22.17599945,140.0809334,2.444693428,0.778564786
6.32E+00,22.75200062,137.9400822,2.407331277,0.766666012
6.22E+00,22.39199924,139.0133089,2.426061237,0.772630967
6.74E+00,24.26399918,129.0940034,2.252949449,0.717499824
6.94E+00,24.98400021,130.8496111,2.283588326,0.727257429
7.20E+00,25.91999931,135.5240441,2.365166564,0.753237759
7.49E+00,26.96399918,124.1685658,2.166990677,0.690124419
7.45E+00,26.81999931,86.1312785,1.503163674,0.478714546
7.28E+00,26.20800076,-56.26668019,-0.981966495,-0.312728183
7.29E+00,26.24399986,-37.38322965,-0.652412385,-0.207774645
7.52E+00,27.07199993,-45.57928552,-0.795450009,-0.253328028
7.58E+00,27.28799973,103.5678394,1.807466656,0.575626324
7.72E+00,27.79199924,131.3176782,2.291757037,0.729858929
7.53E+00,27.10800076,200.172997,3.493420541,1.112554312
7.54E+00,27.14399986,204.0672734,3.56138348,1.13419856
7.46E+00,26.85600014,285.782558,4.987479197,1.588369171
7.43E+00,26.74799938,366.7167331,6.399942986,2.038198403
7.47E+00,26.89199924,378.9024938,6.612608967,2.105926423
7.27E+00,26.17199993,323.7532562,5.650144087,1.799408945
7.25E+00,26.1,310.3961196,5.417035246,1.725170461
6.72E+00,24.19199924,307.6641999,5.369357764,1.709986549
6.43E+00,23.14799938,306.5480709,5.349879073,1.703783144
5.82E+00,20.95200062,324.1730877,5.65747099,1.801742353
6.28E+00,22.60800076,322.635966,5.630645131,1.793199086
6.23E+00,22.42800007,262.3923823,4.579273688,1.458367416
6.02E+00,21.67199993,171.5163928,2.993305284,0.953281938
5.89E+00,21.20399952,130.9979108,2.286176454,0.728081673
5.85E+00,21.05999966,126.1907234,2.202281386,0.701363499
5.70E+00,20.51999931,123.7847423,2.160292187,0.687991142
6.07E+00,21.85200062,79.64309544,1.389931858,0.442653458
6.07E+00,21.85200062,138.7344973,2.421195415,0.771081342
5.74E+00,20.66399918,271.1639741,4.732355569,1.507119608
5.06E+00,18.21599979,300.1894569,5.238908497,1.668442197
4.57E+00,16.45200062,288.8169296,5.040435072,1.605234099
3.96E+00,14.25600014,265.8697726,4.639961127,1.477694627
4.33E+00,15.58799973,258.936089,4.518954433,1.439157463
3.97E+00,14.2920001,260.9815284,4.554651455,1.450525941
3.43E+00,12.34800024,260.0649507,4.538655335,1.445431635
4.16E+00,14.97599945,248.8815034,4.343481735,1.383274438
4.34E+00,15.62400055,249.58059,4.355682199,1.387159936
4.89E+00,17.60399952,246.7582493,4.306426689,1.371473468
5.41E+00,19.47599945,249.5783507,4.355643119,1.38714749
5.68E+00,20.44799938,241.099088,4.207662967,1.340020053
5.70E+00,20.51999931,222.6476349,3.885648079,1.237467541
5.30E+00,19.08000069,211.6627189,3.693939248,1.176413773
4.83E+00,17.38799973,174.9947274,3.054009204,0.972614396
4.22E+00,15.19199924,132.4327453,2.311217195,0.736056432
4.24E+00,15.26399918,115.1452033,2.009514892,0.639972895
4.27E+00,15.37199993,138.3301549,2.414138829,0.768834022
4.60E+00,16.55999966,214.7576017,3.747951164,1.19361502
4.06E+00,14.61599979,211.5970028,3.69279237,1.176048525
3.97E+00,14.2920001,220.8407355,3.854114058,1.227424859
3.29E+00,11.84399986,214.643477,3.745959459,1.192980719
3.50E+00,12.6,221.436012,3.864502827,1.230733384
3.95E+00,14.22000017,220.383763,3.84613897,1.224885022
4.45E+00,16.01999931,224.7957549,3.923137084,1.249406715
4.58E+00,16.48799973,140.818469,2.457564904,0.782663982
4.75E+00,17.1,148.7333508,2.595695476,0.82665461
4.63E+00,16.66800041,132.325722,2.309349424,0.7354616
4.76E+00,17.13600082,129.1092208,2.253215023,0.717584402
4.98E+00,17.92800007,122.904518,2.144930506,0.683098887
5.32E+00,19.15200062,120.5261258,2.103422789,0.669879869
5.67E+00,20.41200027,111.3594312,1.943445571,0.61893171
5.50E+00,19.8,89.80058493,1.567200435,0.499108419
5.86E+00,21.09600048,85.77203232,1.496894107,0.476717868
6.11E+00,21.99600048,89.76502729,1.566579883,0.498910791
6.21E+00,22.35600014,88.94530771,1.552274131,0.494354819
6.25E+00,22.5,85.50709347,1.492270392,0.475245348
6.57E+00,23.65200062,81.22155061,1.417479068,0.451426455
6.97E+00,25.09199924,84.94191289,1.482406857,0.472104094
7.21E+00,25.95600014,79.37424008,1.385239792,0.441159169
7.48E+00,26.92800007,68.42439972,1.194143102,0.380300351
7.55E+00,27.18000069,64.85732724,1.131890528,0.36047469
7.88E+00,28.36800041,63.33132631,1.105258749,0.351993232
7.78E+00,28.00800076,58.3493578,1.0183134,0.32430363
7.51E+00,27.03600082,54.65073922,0.953765082,0.303746842
6.88E+00,24.76800041,56.60761265,0.987916451,0.314623074
6.95E+00,25.01999931,53.90657971,0.940778005,0.29961083
6.50E+00,23.4,38.34709967,0.669233851,0.2131318
6.05E+00,21.78000069,35.73281894,0.623609406,0.198601722
5.80E+00,20.88000069,30.01737057,0.523863361,0.166835465
5.47E+00,19.69199924,33.00839669,0.576062769,0.183459481
5.37E+00,19.33199959,31.13241002,0.543323037,0.173032814
4.17E+00,15.01200027,25.05756452,0.437304791,0.139269042
3.37E+00,12.13199959,21.23161149,0.370534232,0.118004532
3.45E+00,12.42000017,18.7409058,0.327066419,0.10416128
3.25E+00,11.7,15.58459334,0.271982432,0.086618609
2.65E+00,9.540000342,11.50647092,0.200811011,0.063952551
1.52E+00,5.471999932,7.905083251,0.137959568,0.043936168
4.50E-01,1.619999957,-8.648649836,-0.150936297,-0.048068884
2.49E+00,8.96,-11.32225032,-0.197595992,-0.06292866
2.56E+00,9.22,-8.925154389,-0.155761857,-0.049605687
2.63E+00,9.47,-11.55024136,-0.201574893,-0.064195826
2.64E+00,9.5,-19.26135751,-0.336149346,-0.107053932
2.70E+00,9.72,-19.31865724,-0.337149341,-0.107372402
2.71E+00,9.76,-22.22556668,-0.387880745,-0.1235289
2.75E+00,9.9,-13.91007654,-0.242758753,-0.077311705
2.78E+00,10,-17.89127089,-0.312238584,-0.09943904
2.79E+00,10,-31.57765798,-0.551093508,-0.175507486
2.81E+00,10.1,-5.543152333,-0.096739133,-0.030808641
2.84E+00,10.2,5.694508019,0.099380594,0.031649871
2.86E+00,10.3,-26.47710717,-0.462078659,-0.147158809
2.89E+00,10.4,-25.80303597,-0.450314764,-0.143412345
2.90E+00,10.4,-32.95811148,-0.575185192,-0.183179997
2.91E+00,10.5,-32.65431884,-0.5698834,-0.181491529
3.02E+00,10.9,-45.41901442,-0.792652957,-0.252437247
3.23E+00,11.6,-43.1386247,-0.752855579,-0.239762923
3.27E+00,11.8,-43.88859611,-0.765944086,-0.243931237
3.29E+00,11.8,-56.47589406,-0.985617697,-0.313890986
3.30E+00,11.9,-52.81848138,-0.921788506,-0.293563218
3.35E+00,12.1,-37.50085304,-0.654465149,-0.208428391
3.36E+00,12.1,-40.88546531,-0.713533426,-0.227239945
3.35E+00,12.1,-44.92994109,-0.784117646,-0.249718995
3.36E+00,12.1,-46.64591014,-0.814064749,-0.25925629
3.40E+00,12.2,-48.11535884,-0.839709578,-0.267423433
3.41E+00,12.3,-52.89340476,-0.923096069,-0.29397964
3.45E+00,12.4,-63.69661401,-1.111633752,-0.354023488
3.47E+00,12.5,-65.92025657,-1.150440778,-0.366382413
3.53E+00,12.7,-62.36997838,-1.088481298,-0.346650095
3.56E+00,12.8,-75.04606385,-1.30970443,-0.417103322
3.61E+00,13,-75.90514892,-1.324697189,-0.421878086
3.64E+00,13.1,-72.93697333,-1.272896568,-0.405381073
3.67E+00,13.2,-85.32656368,-1.489119785,-0.47424197
3.66E+00,13.2,30.67795599,0.535391902,0.170506975
3.72E+00,13.4,7.084324458,0.12363568,0.03937442
3.75E+00,13.5,-16.17332349,-0.282256954,-0.08989075
3.76E+00,13.5,-31.58613496,-0.551241448,-0.175554601
3.82E+00,13.8,-36.23986318,-0.632458345,-0.201419855
3.83E+00,13.8,-42.17093669,-0.735967482,-0.234384548
3.89E+00,14,-42.40954504,-0.740131676,-0.235710725
3.91E+00,14.1,-39.73162976,-0.69339668,-0.220826968
3.94E+00,14.2,-34.28617048,-0.598362487,-0.190561301
4.00E+00,14.4,16.2963351,0.284403754,0.090574444
4.02E+00,14.5,58.85138097,1.027074712,0.327093857
4.06E+00,14.6,56.03122932,0.977857405,0.311419556
4.06E+00,14.6,72.91166274,1.272454847,0.405240397
4.07E+00,14.7,44.95806682,0.784608496,0.249875317
4.07E+00,14.7,4.950806663,0.086401512,0.027516405
8.40E-01,3.023999906,-58.2442189,-1.016478515,-0.323719272
1.59E+00,5.724000119,109.0588447,1.903295719,0.606145133
2.19E+00,7.884000205,124.1369049,2.166438131,0.689948449
3.38E+00,12.16800041,125.4599942,2.189528695,0.697302132
3.20E+00,11.52000017,139.2646503,2.430447649,0.774027914
3.42E+00,12.31200027,172.3437224,3.007743846,0.957880206
3.76E+00,13.53599996,175.7534586,3.067250586,0.976831397
4.31E+00,15.51599979,190.7613126,3.329167759,1.060244509
4.36E+00,15.69600048,204.7270504,3.572897913,1.137865577
4.69E+00,16.88400021,210.9264384,3.681089675,1.172321553
5.38E+00,19.36800041,215.5752509,3.762220784,1.198159485
5.77E+00,20.77199993,185.0939047,3.230260117,1.02874526
6.12E+00,22.03199959,189.9238345,3.314552086,1.055589836
6.67E+00,24.01200027,192.0570076,3.351780237,1.067445935
7.53E+00,27.10800076,193.9261818,3.384401079,1.077834738
8.49E+00,30.56399918,205.7602125,3.590928665,1.143607855
8.62E+00,31.03199959,211.7599892,3.69563681,1.176954398
8.52E+00,30.67200165,186.4325203,3.253621646,1.036185237
9.13E+00,32.86800041,160.3753477,2.798871688,0.89136041
9.73E+00,35.02799835,161.0160287,2.810052857,0.894921292
1.03E+01,36.93600083,180.7785521,3.154948553,1.004760686
1.06E+01,38.2680004,189.4713517,3.306655353,1.053074953
1.10E+01,39.52799834,180.8611664,3.156390339,1.005219853
1.14E+01,41.00400122,139.2646503,2.430447649,0.774027914
1.18E+01,25.01999931,41.18962012,0.718841538,0.228930426
1.20E+01,25.23600082,46.24571994,0.807080627,0.257032047
1.21E+01,26.17199993,41.62424159,0.726426555,0.231346037
1.20E+01,26.28000069,-77.3305161,-1.349572707,-0.429800225
1.21E+01,25.23600082,78.81471205,1.375474905,0.438049333
1.22E+01,25.74000034,62.77595649,1.095566431,0.348906507
1.23E+01,26.64000034,26.77914508,0.467349827,0.148837524
1.25E+01,27.03600082,25.79667783,0.450203802,0.143377007
1.25E+01,27.68400021,17.34496323,0.302704419,0.096402681
1.27E+01,28.40399952,7.50721583,0.131015983,0.041724835
1.27E+01,29.26800041,-2.901594875,-0.050638654,-0.01612696
1.28E+01,28.72800007,-5.308931501,-0.09265151,-0.02950685
1.30E+01,28.76399918,-12.38751479,-0.216186995,-0.068849361
1.32E+01,28.22400055,-8.883819144,-0.155040474,-0.049375947
1.33E+01,26.49600048,-11.66752933,-0.203621803,-0.064847708
1.34E+01,24.91200027,-12.16276358,-0.212264635,-0.067600202
1.33E+01,22.75200062,-16.18379508,-0.282439705,-0.089948951
1.33E+01,21.81599979,-21.44997441,-0.374345103,-0.119218186
1.33E+01,20.34000034,-26.30309881,-0.459041864,-0.146191676
1.32E+01,17.56800041,-25.44691401,-0.444099721,-0.141433032
1.29E+01,15.55200062,-23.68903608,-0.413421223,-0.13166281
1.29E+01,14.07600031,-25.23700159,-0.440436328,-0.140266346
1.29E+01,12.88799973,-30.80832998,-0.53766719,-0.171231589
1.30E+01,11.41200027,-33.86411946,-0.590996849,-0.188215557
1.26E+01,29.26800041,198.4596581,3.463519339,1.103031636
1.25E+01,44.89200097,190.7232855,3.32850411,1.060033156
1.24E+01,44.71200029,183.4716824,3.201949082,1.019729007
1.26E+01,45.50400122,177.707043,3.101344555,0.987689349
1.29E+01,46.58399849,178.146997,3.109022635,0.990134597
1.31E+01,47.01600151,180.784248,3.155047958,1.004792343
1.30E+01,46.8,178.0146486,3.10671289,0.98939901
1.31E+01,47.2680004,177.7247964,3.101654387,0.987788021
1.29E+01,46.47599946,174.707781,3.049001414,0.971019558
1.29E+01,46.3319996,170.6385336,2.97798488,0.948402828
1.28E+01,45.97200166,188.3507062,3.287097839,1.046846446
1.26E+01,45.18000068,178.4252883,3.113879377,0.99168133
1.25E+01,44.85600014,187.6844597,3.275470501,1.043143472
1.26E+01,45.28799971,192.813007,3.364973944,1.071647753
1.25E+01,44.96399917,186.338351,3.251978202,1.035661848
1.21E+01,43.70400122,186.2717279,3.250815496,1.035291559
1.16E+01,41.65199888,189.9001221,3.314138257,1.055458043
1.13E+01,40.53600083,187.135266,3.265885969,1.040091073
1.11E+01,40.10400122,179.9670996,3.140787079,1.000250662
1.11E+01,39.85199888,175.0617261,3.055178466,0.972986773
1.09E+01,39.41999932,157.1599435,2.742756431,0.873489309
1.09E+01,39.23999863,152.4951199,2.661345897,0.847562388
1.08E+01,38.77200166,142.9002499,2.493896159,0.794234445
1.05E+01,37.76399917,148.7460433,2.595916986,0.826725155
1.02E+01,36.57599946,150.0433199,2.618557066,0.833935371
9.80E+00,35.28000069,149.4613588,2.608400677,0.830700853
9.40E+00,33.83999863,151.7441583,2.64824011,0.84338857
9.05E+00,32.58000069,153.4134856,2.677373222,0.852666631
8.68E+00,31.2480011,159.9121619,2.790788166,0.88878604
8.52E+00,30.67200165,169.38644,2.956133333,0.941443737
8.26E+00,29.73600082,165.3048086,2.884900674,0.918758176
7.48E+00,26.92800007,159.0364732,2.77550564,0.883918994
6.97E+00,25.09199924,164.7382457,2.875013014,0.91560924
6.68E+00,24.04799938,213.766367,3.730652129,1.188105774
6.17E+00,22.21200027,224.1970476,3.91268844,1.246079121
5.99E+00,21.56399918,266.3509433,4.648358522,1.480368956
5.41E+00,19.47599945,275.4155459,4.80655403,1.530749691
5.31E+00,19.11599979,297.2883666,5.188278649,1.652318041
5.15E+00,18.54000034,299.809289,5.232273805,1.666329237
6.00E+00,21.6,299.5382166,5.227543047,1.664822626
5.79E+00,20.84399986,293.2025566,5.116973065,1.629609256
6.18E+00,22.24799938,276.9761035,4.833788892,1.539423214
6.78E+00,24.40800076,235.4996217,4.109941042,1.308898421
7.19E+00,25.88400021,229.0156223,3.996782239,1.272860586
7.72E+00,27.79199924,229.1797496,3.99964659,1.273772799
8.12E+00,29.23199959,231.8206009,4.045734745,1.288450556
8.40E+00,30.23999863,227.6739632,3.973367595,1.265403693
8.82E+00,31.7519989,210.0131841,3.665151555,1.167245718
9.28E+00,33.40799904,209.5616854,3.657271997,1.164736305
9.79E+00,35.24399986,205.0963677,3.579343241,1.13991823
1.01E+01,36.32400054,205.3289414,3.583402119,1.141210866
1.03E+01,37.11600151,204.405069,3.567278691,1.136076016
1.05E+01,37.76399917,203.2859297,3.547747464,1.12985588
1.09E+01,39.09599878,210.0943754,3.666568506,1.167696976
1.10E+01,39.6,208.1050025,3.631849956,1.156640113
1.13E+01,40.64399986,208.8685901,3.645176092,1.160884106
1.14E+01,41.03999863,206.5577302,3.604846949,1.14804043
1.12E+01,40.35600014,195.4944103,3.411769813,1.086550896
1.14E+01,40.9680004,187.9914593,3.28082826,1.044849764
1.16E+01,41.8319996,184.9816562,3.228301155,1.028121387
1.16E+01,41.93999863,187.1294295,3.26578411,1.040058634
1.18E+01,42.55199888,185.2483153,3.232954892,1.029603469
1.15E+01,41.29200097,169.2761542,2.954208625,0.940830772
1.20E+01,43.30799903,145.4865481,2.539032253,0.808608998
1.20E+01,43.30799903,159.8958124,2.790502834,0.88869517
1.20E+01,43.12799834,149.6183819,2.611141045,0.831573581
1.22E+01,43.88399849,146.9825554,2.565140583,0.816923753
1.23E+01,44.31600151,141.7051416,2.47303912,0.787592077
1.23E+01,44.24399986,140.7857414,2.456993742,0.782482083
1.24E+01,44.63999863,138.9505324,2.424965661,0.772282058
1.25E+01,45.10799903,134.8370558,2.353177239,0.749419503
1.25E+01,45.07200166,135.305683,2.361355724,0.752024116
1.23E+01,44.38799971,130.5910256,2.27907549,0.72582022
1.22E+01,44.02799834,185.1609109,3.23142951,1.029117678
1.18E+01,42.55199888,165.9973251,2.896986476,0.922607158
1.15E+01,41.54399986,168.8080252,2.946038834,0.938228928
1.15E+01,41.54399986,167.8961495,2.930124773,0.933160756
1.15E+01,41.4,176.0558355,3.07252767,0.978511997
1.11E+01,40.0680004,177.0866245,3.090517007,0.984241085
1.11E+01,39.85199888,200.0291852,3.490910736,1.111755012
1.11E+01,39.96000137,200.7458192,3.503417438,1.115738038
1.10E+01,39.67200166,203.499389,3.551472757,1.131042279
1.11E+01,40.10400122,200.8656146,3.505508108,1.116403856
1.12E+01,40.39200097,206.4512392,3.602988468,1.147448557
1.11E+01,40.10400122,207.6876998,3.624567187,1.15432076
1.14E+01,40.89599878,214.7779248,3.748305843,1.193727975
1.15E+01,41.43600083,207.5321535,3.621852592,1.153456239
1.15E+01,41.29200097,209.0732359,3.648747572,1.16202152
1.14E+01,41.21999932,204.7745148,3.573726262,1.138129383
1.16E+01,41.8680004,202.9631446,3.542114216,1.128061852
1.19E+01,42.91200029,193.610693,3.378895166,1.076081263
1.19E+01,42.94800112,188.5348816,3.29031207,1.047870086
1.16E+01,41.90400122,188.7480482,3.294032255,1.049054858
1.16E+01,41.58000068,192.3099669,3.356194885,1.068851874
1.17E+01,42.08399849,184.2993744,3.216393969,1.024329289
1.16E+01,41.93999863,194.8611142,3.400717525,1.083031059
1.16E+01,41.58000068,178.670847,3.118164869,0.993046137
1.13E+01,40.78799971,175.8121124,3.068274213,0.977157393
1.13E+01,40.71600151,168.5164643,2.940950511,0.936608443
1.12E+01,40.28399849,137.7921329,2.404749265,0.765843715
1.10E+01,39.74399986,152.7195009,2.665261796,0.848809489
1.11E+01,39.88799971,145.352429,2.536691606,0.807863569
1.11E+01,39.78000068,137.4389301,2.398585168,0.763880627
1.11E+01,39.92400054,139.9123541,2.44175138,0.777627828
1.11E+01,40.0680004,139.3692045,2.43227233,0.774609022
1.10E+01,39.70799903,135.718399,2.368558447,0.754317977
1.07E+01,38.66399917,148.9669173,2.599771681,0.827952765
1.09E+01,39.23999863,151.7305718,2.648002998,0.843313057
1.08E+01,38.77200166,148.6111291,2.593562462,0.825975307
1.09E+01,39.09599878,163.3563745,2.850896588,0.90792885
1.09E+01,39.41999932,165.0036847,2.879645457,0.917084541
1.09E+01,39.09599878,167.1407626,2.916941756,0.928962343
1.11E+01,39.78000068,175.7436587,3.067079558,0.976776929
1.12E+01,40.24800112,175.1299707,3.056369471,0.973366074
1.11E+01,39.92400054,180.7320019,3.154136159,1.004501961
1.10E+01,39.56399917,180.2376324,3.145508419,1.001754274
1.09E+01,39.34800112,171.1658951,2.987188396,0.951333884
1.08E+01,38.77200166,171.1368919,2.986682232,0.951172685
9.25E+00,33.3,175.4090806,3.061240499,0.974917356
8.60E+00,30.96000137,156.7263463,2.73518929,0.871079392
8.32E+00,29.9519989,151.9489728,2.651814534,0.844526922
8.07E+00,29.0519989,141.5332168,2.470038688,0.786636525
7.89E+00,28.40399952,139.3852262,2.432551941,0.77469807
7.90E+00,28.44000034,118.2306137,2.063361496,0.657121495
7.88E+00,28.36800041,120.6388609,2.105390243,0.670506447
7.97E+00,28.69199924,149.358118,2.606598918,0.830127044
7.99E+00,28.76399918,135.7732224,2.369515225,0.754622683
8.06E+00,29.01600151,136.2666397,2.378126347,0.757365079
8.05E+00,28.98000069,142.7437676,2.491165229,0.793364722
7.97E+00,28.69199924,152.4144747,2.659938476,0.847114164
7.91E+00,28.47599945,158.4373624,2.765049955,0.880589158
7.91E+00,28.47599945,142.5837288,2.48837223,0.792475233
7.94E+00,28.58400021,144.3928842,2.519945623,0.802530453
7.92E+00,28.51200027,145.0083294,2.530686377,0.805951075
7.89E+00,28.40399952,145.3301719,2.536303175,0.807739864
7.94E+00,28.58400021,140.0289425,2.443786082,0.778275822
8.02E+00,28.87200165,136.192649,2.376835061,0.756953841
7.86E+00,28.29600048,144.5929612,2.523437368,0.803642474
7.89E+00,28.40399952,156.2729658,2.72727689,0.868559519
7.84E+00,28.22400055,149.460629,2.608387941,0.830696796
7.83E+00,28.18799973,148.8101784,2.597036272,0.827081615
7.79E+00,28.04399986,144.9740007,2.530087272,0.805760278
7.71E+00,27.75600014,147.6801958,2.577315808,0.820801213
7.63E+00,27.46800041,149.9491143,2.61691299,0.83341178
7.68E+00,27.64799938,148.1448161,2.585424365,0.823383556
7.65E+00,27.54000034,150.8051585,2.631852679,0.838169643
7.64E+00,27.50399952,149.7949099,2.614221813,0.832554718
7.75E+00,27.9,153.2541967,2.674593311,0.851781309
7.87E+00,28.33199959,147.3168994,2.570975557,0.818782024
7.98E+00,28.72800007,149.949649,2.616922321,0.833414752
7.90E+00,28.44000034,168.6043457,2.942484218,0.937096885
8.00E+00,28.8,168.3674464,2.93834985,0.935780207
8.06E+00,29.01600151,167.7341024,2.927296726,0.932260104
8.10E+00,29.16000137,168.0272621,2.932412951,0.933889475
8.45E+00,30.41999931,159.422154,2.782236545,0.886062594
8.70E+00,31.31999931,162.8850954,2.842671822,0.905309497
8.91E+00,32.07599945,159.8222724,2.789219414,0.888286437
9.26E+00,33.33600082,160.5218492,2.801428433,0.89217466
9.57E+00,34.4519989,155.9896838,2.722333051,0.866985048
9.63E+00,34.66800041,143.8360672,2.510228049,0.799435684
9.69E+00,34.88399849,137.8859396,2.40638638,0.766365089
9.67E+00,34.81200027,131.602983,2.296736178,0.731444643
9.60E+00,34.56000137,132.7933224,2.31750999,0.738060506
9.62E+00,34.63199959,132.9874741,2.320898326,0.739139594
9.52E+00,34.27200165,118.1520528,2.06199045,0.656684857
9.44E+00,33.98399849,114.9404606,2.005941721,0.638834943
9.36E+00,33.69599877,116.6666638,2.036067431,0.648429118
9.41E+00,33.87599945,114.2442386,1.99379125,0.634965366
9.37E+00,33.73199959,120.8597308,2.109244866,0.671734034
9.41E+00,33.87599945,143.811014,2.50979082,0.79929644
9.38E+00,33.76800041,146.4863354,2.556480548,0.81416578
9.31E+00,33.51600151,126.0544654,2.19990341,0.700606182
9.21E+00,33.15600014,144.0231378,2.513492806,0.800475416
9.05E+00,32.58000069,125.4670339,2.189651551,0.697341258
8.74E+00,31.46399918,124.9194303,2.18009477,0.694297697
8.35E+00,30.06000137,131.3587567,2.292473939,0.730087242
7.98E+00,28.72800007,133.3901674,2.327926133,0.741377749
7.84E+00,28.22400055,142.9126437,2.494112455,0.79430333
7.95E+00,28.61999931,129.597008,2.261727888,0.720295506
8.02E+00,28.87200165,130.6897912,2.280799148,0.726369156
8.01E+00,28.83600082,137.6064314,2.401508401,0.764811593
7.91E+00,28.47599945,131.4086531,2.293344731,0.730364564
7.66E+00,27.57599945,143.2840445,2.500594145,0.796367562
7.62E+00,27.43199959,135.4475308,2.363831253,0.752812501
7.64E+00,27.50399952,112.4591379,1.96263766,0.625043841
7.28E+00,26.20800076,131.6839563,2.298149325,0.731894689
7.09E+00,25.52400055,142.5797384,2.48830259,0.792453054
6.77E+00,24.37199993,139.3030908,2.431118513,0.774241565
6.32E+00,22.75200062,138.0966944,2.410064475,0.767536457
6.21E+00,22.35600014,137.5513425,2.40054699,0.764505411
6.37E+00,22.93199959,134.0287491,2.339070665,0.744926963
6.36E+00,22.89600048,134.6095702,2.349207159,0.748155146
6.21E+00,22.35600014,147.966812,2.582317836,0.822394215
6.43E+00,23.14799938,149.8770756,2.61565577,0.833011392
6.38E+00,22.96800041,144.47424,2.521365445,0.802982626
6.38E+00,22.96800041,163.4903646,2.853234984,0.908673562
6.47E+00,23.29199924,151.0172249,2.635553663,0.8393483
6.50E+00,23.4,145.9796551,2.54763796,0.811349669
6.70E+00,24.11999931,125.8806862,2.196870614,0.699640323
6.84E+00,24.62400055,138.6771836,2.420195176,0.770762795
7.23E+00,26.02800007,136.1282538,2.375711236,0.756595935
7.28E+00,26.20800076,133.8875095,2.33660575,0.744141959
7.57E+00,27.25200062,129.2649638,2.255933051,0.718450016
7.72E+00,27.79199924,129.3319787,2.257102595,0.718822483
7.64E+00,27.50399952,133.5748225,2.331148735,0.742404056
7.54E+00,27.14399986,137.5653598,2.40079162,0.764583318
7.61E+00,27.39600048,139.4193502,2.433147473,0.77488773
7.10E+00,25.55999966,134.5639919,2.348411726,0.747901824
6.87E+00,24.73199959,138.6641002,2.419966845,0.770690078
6.61E+00,23.79600048,137.4296595,2.398423377,0.763829101
6.52E+00,23.47199993,140.8523416,2.458156049,0.782852245
6.57E+00,23.65200062,163.23839,2.848837522,0.907273096
6.73E+00,24.22800007,120.3329788,2.100051986,0.668806365
6.52E+00,23.47199993,130.3085659,2.274146002,0.724250319
6.74E+00,24.26399918,132.521266,2.312762059,0.736548427
6.83E+00,24.58799973,111.7602661,1.950440944,0.621159536
6.96E+00,25.05600014,118.6812143,2.07122538,0.659625917
7.19E+00,25.88400021,121.0541419,2.112637729,0.672814564
7.41E+00,26.67599945,119.240433,2.080984869,0.662734035
7.32E+00,26.35200062,123.1224163,2.148733269,0.684309958
7.61E+00,39.74399986,146.1812862,2.551156827,0.812470327
8.22E+00,39.88799971,135.1923946,2.359378614,0.751394463
8.77E+00,39.78000068,139.1270147,2.428045632,0.77326294
8.94E+00,39.92400054,146.9615202,2.564773476,0.81680684
8.91E+00,40.0680004,153.0060014,2.670261805,0.850401849
8.88E+00,39.70799903,147.249234,2.56979466,0.818405943
8.49E+00,30.56399918,142.8513596,2.493042925,0.793962715
8.04E+00,28.94399986,123.9814369,2.163724902,0.689084364
7.66E+00,27.57599945,134.63331,2.349621466,0.748287091
7.54E+00,27.14399986,142.8825961,2.493588065,0.794136326
7.81E+00,28.11599979,131.4440108,2.293961794,0.730561081
7.67E+00,27.61200027,144.3663543,2.519482623,0.802383001
7.40E+00,26.64000034,146.1812862,2.551156827,0.812470327
7.27E+00,26.17199993,135.1923946,2.359378614,0.751394463
7.27E+00,26.17199993,139.1270147,2.428045632,0.77326294
7.21E+00,25.95600014,146.9615202,2.564773476,0.81680684
7.34E+00,42.55199888,153.0060014,2.670261805,0.850401849
7.56E+00,43.12799834,147.249234,2.56979466,0.818405943
7.58E+00,43.45199888,150.6424923,2.629013827,0.83726555
7.41E+00,43.23600083,138.0629651,2.409475831,0.767348991
7.74E+00,27.93600082,132.0263011,2.304123928,0.733797429
8.20E+00,26.42400055,133.4800606,2.329494949,0.741877372
8.56E+00,25.23600082,148.8561829,2.597839143,0.827337307
8.74E+00,25.12800007,134.8024,2.352572426,0.749226887
8.86E+00,25.41599979,104.263264,1.819603211,0.579491469
8.84E+00,25.34399986,130.0741006,2.270054112,0.722947169
9.16E+00,24.69600048,116.0957543,2.026103914,0.645256024
9.33E+00,23.18400021,121.6164987,2.122451984,0.675940122
9.50E+00,21.63600082,122.606704,2.139733054,0.681443648
9.22E+00,20.01599979,113.9704413,1.989012937,0.633443611
9.55E+00,40.24800112,132.0263011,2.304123928,0.733797429
9.68E+00,39.92400054,133.4800606,2.329494949,0.741877372
9.39E+00,39.56399917,148.8561829,2.597839143,0.827337307
9.43E+00,39.34800112,134.8024,2.352572426,0.749226887
9.22E+00,38.77200166,104.263264,1.819603211,0.579491469
9.08E+00,21.63600082,119.7010418,2.089023417,0.665294082
9.21E+00,19.11599979,115.7371864,2.019846185,0.643263116
9.28E+00,15.51599979,116.3500903,2.030542588,0.646669614
9.36E+00,13.57199993,119.5685618,2.086711375,0.664557763
8.90E+00,13.53599996,118.0894377,2.060897691,0.656336844
9.10E+00,16.2,114.31688,1.995058988,0.635369104
