pitch,roll,yaw
5.836412117719027,59.58245274368126,29.73444907157068
-0.6985418128585487,61.72912940504231,22.625524144499803
-1.2419019695488573,62.77743058137668,25.866756384720034
-0.027746057953085254,60.40087843875593,54.33944212407368
2.8341201927345137,59.33987139860883,37.07863257517435
4.814217032467158,58.1223753182889,27.320986122819612
-0.9471443825262056,52.38877588505213,15.53162131968137
8.820287869624558,50.253406239590014,18.339429607215443
5.965200301111552,46.1042785613116,22.687028409329073
3.168950970619442,41.605517696255596,24.67138935806518
-4.699600389051825,44.542080812118954,29.19875012031792
-1.610152619266581,34.00960415163363,27.029808268040973
14.046065982155433,26.831740463914933,32.608928794298954
14.555057950155394,27.79089129895015,33.751800000954844
15.296027941052051,25.794490906885386,37.92097669581113
8.37792139084667,25.673679405278293,36.581802664287295
6.040665515092042,24.622655988163984,36.61029569165194
-0.4224932796308614,25.402927967405873,34.66883641233761
-2.552332570538059,27.38281136364684,32.92043362651252
-2.9132213672525906,28.13093046950561,31.768439669459987
-11.6339316871531,25.476929975750213,26.124208718228505
-6.574381630972376,27.795889603986986,9.859961931139363
-14.33400041147577,27.148341681840456,-13.28898226635119
-17.747682343261893,26.41213479964226,-12.97892933280314
-21.228604742560563,21.89396491903523,-14.580475515447683
-17.14899264944451,23.689598745257435,-9.97090264442259
-17.834649831406352,15.77887383542449,-7.373624928822426
-20.0148980191382,4.098254884775127,-5.679443812346632
-35.379146109788564,2.941194425626865,-11.305640419031704
-34.322895106570044,18.056592761449203,-28.827011739926444
-48.60647369941112,79.91214896472059,-29.948025527078492
-52.336504088002094,72.72106153375758,-29.19435847314426
-50.05165898988596,76.81945024407207,-35.86001493133936
-49.0693980549742,65.19431481559464,-25.049909710723828
-53.044622519302806,63.84334188921636,-24.94437186676566
-71.66737621046292,78.27345176892597,-30.777618630101962
-69.41877511028989,84.20830703797728,-34.366540905575974
-72.4175260932975,78.28227853550987,-48.99925783286033
-50.935314653063536,70.5864653887324,-43.06406546480533
-41.514115101816095,77.38677887528455,-38.38071251648386
-43.39367336303956,77.45842866644294,-42.28789086794741
-53.74583693198681,80.80485156203632,-49.04380609097725
-53.91738641016658,76.8607491767681,-47.1680213543248
-52.584172174334256,69.58402215067059,-52.149699110373156
-73.07970900833365,63.46397655030238,-85.1246798471209
-81.65767349034786,50.9290524402578,-91.08378086257343
-85.33946183623497,37.766854412933334,-98.66797324342306
-94.81246766259339,31.45224646019639,-99.57968694651082
-87.36449816025012,21.761022935053344,-69.03701768577552
-76.3552342376846,18.523018895487095,-59.045362710274425
-85.11849410846102,14.678583095064882,-69.28335697077502
-93.69750985783058,12.196553765762381,-64.5504338579635
-94.8983647242432,8.822113270390835,-68.21786870746891
-96.14995494378432,12.500019211723693,-69.76389751711305
-102.53604257432974,10.729736375585547,-63.39587605283541
-99.97364444093776,7.370974730219761,-55.109797923710815
-90.13054469282898,3.924553848287096,-59.58299313125877
-104.58639197595282,2.740344326616942,-50.64812271035132
-108.03121403068192,8.693846069508,-61.47869207159533
-119.3483856876655,5.080600776356357,-54.69241263910171
-122.2762125805418,2.269279797394069,-47.29839258638418
-125.68024400196134,-3.5801679546347653,-47.17919501609153
-120.12768067476465,-7.413842850069106,-36.45326959629054
-85.63903092074695,-14.646936233713516,-49.01391610681402
-78.85841786223827,-12.698285556607862,-67.9721808003023
-84.05500209412777,3.503534719325322,-74.18968716459105
-70.88832003207467,1.6660515914280376,-73.98855450824797
-80.63306990940639,6.055689215611397,-71.86821238739836
-82.03410062457927,11.92980105404916,-75.01877755055355
-73.67675868150565,8.689811077322698,-66.20266653355257
-82.27783513309778,8.276404660834201,-69.05483793076377
-86.56946618793144,6.4929290978554635,-81.41583322629513
-100.53975689179165,6.282210397660374,-78.23166268528783
-103.14991863661557,11.907183929723647,-104.86344163657492
-98.03689628695845,13.593522545606517,-83.88574736677796
-99.54622165160843,16.823007156492196,-89.10493391726683
-94.73891605269067,13.406492991153645,-83.33002683856368
-140.84462750540774,11.627583158863196,-73.72628849088547
-123.75430307591081,4.642241695912588,-68.88413490206928
-128.85865333352294,-7.267773471716126,-55.55067769081953
-129.07768501284212,-11.047912491568379,-52.39785132265346
-108.04272071120624,-5.664603936577361,-43.86581993212365
-114.01861021574373,-7.822275727366824,-41.857637961477295
-115.40924160374797,-7.608649795651519,-35.793680139355374
-108.62010977180788,-7.2314734153544435,-20.735643089884512
-105.21196116785278,-7.113138419255027,-26.235775377390667
-105.81772589980913,-10.460746398561852,-27.74644500477887
-130.1263920165117,-21.3210021625353,-30.47437571442394
-120.0177192617563,-11.350637823675807,-39.42594836665227
-89.70069859492462,-19.66326774998998,-33.92649948585442
-85.42844866067058,-18.211487794328466,-42.9583643177387
-84.78511959037702,-14.396399010601437,-37.76674390003235
-64.43288804868746,-17.018571931529074,-41.26132845703763
-71.28589041195968,-18.194986315935093,-37.673428648680044
-70.67096422773272,-12.947147710717198,-46.603143672924745
-72.77446834960936,-10.762198766490037,-51.24314120478366
-59.44134257823802,-15.128086271290265,-57.40546000890086
-48.22392021270517,-13.923683125925951,-56.11100603442439
-45.63027027697302,-15.783220657787485,-54.240605424973104
-62.13844711434992,-17.672898323669763,-55.522272486311934
-54.97110877238982,-17.633110282238448,-72.42683434419868
-47.799007114739815,-18.485913835022682,-68.49755777719868
-39.67366278393469,-21.47850137428251,-66.08550895012831
-44.39780739849276,-16.525388102305694,-65.30688698791943
-48.72005153873812,-15.735531862742986,-78.41087416278262
-49.84555467086245,-15.645246158520276,-78.37494661102801
-49.536668896829134,-16.058059998275574,-74.14110647198963
-63.478301627258595,-18.40162713179761,-81.02669631281802
-60.19117702681868,-22.90953821131076,-76.8435035866548
-56.389484760173126,-16.619174668920873,-78.10209431257661
-55.57708009038359,-18.298973538852405,-76.92640343056682
-72.27365592770008,-20.534329980442205,-80.02722768324116
-98.40934922894434,-20.18160232442205,-84.8575642954709
-101.70539632331545,-22.293465071446423,-85.73791609117012
-83.62820800985958,-24.972310872701367,-78.36271132102588
-82.00720699747274,-22.70189561998914,-78.056643911676
-106.53684654323843,-22.42358369946596,-88.27259079611062
-111.3883276293272,-25.52397246026369,-93.67306156613458
-103.98231589633507,-24.70118925198456,-95.1855121457583
-100.73419417705304,-24.432707921514698,-92.85650253836377
-85.21775495675467,-28.14764039441872,-95.83567845761144
-84.9641284471579,-30.260729462948394,-89.94035221459426
-90.87552429937784,-34.72916905627342,-81.56149644938742
-89.64262285562708,-31.945881146623904,-79.29941655388214
-87.51921405073826,-27.984541202411705,-90.72725046061201
-85.25009757404969,-24.21760054444843,-71.1406293373164
-90.45620013066333,-22.234137951122708,-63.85980875890847
-81.13292543247294,-24.7537844552571,-65.74916128379746
-80.85520366868316,-26.286227403839135,-72.28268349685823
-86.61425531516184,-27.896717808956755,-71.89862266382288
-80.61528543228914,-27.173953475913514,-71.89686721068085
-87.84707518056,-24.346317522046217,-75.7000523716263
-83.28592612238032,-26.93559292887069,-67.25554281915615
-80.53853019999474,-26.717098639786315,-63.04876788077762
-89.94210959908557,-24.298821727135902,-49.05342381951548
-87.7465651575819,-23.319404323174176,-56.11009601737823
-91.24021161488452,-10.333378082820579,-56.17399561611908
-106.51635643303695,-12.308381228505603,-53.83957000998141
-92.14767650826786,-15.068555767396989,-54.60336716178339
-98.96541890618575,-14.255724389712304,-53.727679850145755
-85.92509773171786,-15.46060977533024,-48.46699701966917
-84.90801837556288,-12.663507914170081,-46.82776103664574
-84.81727254309085,-12.270502498868877,-44.14668002649051
-82.10174212858423,-14.126236586455487,-42.92232138062827
-87.82339680329767,-17.470595337471707,-42.41804648845049
-91.02444234767438,-13.23898095248204,-45.12417700679547
-88.26280979712566,-17.65437083704364,-50.64942860699269
-83.8302373699169,-20.055385805120224,-59.619108819707456
-83.06433356152016,-24.28359921723179,-67.15357997673351
-68.64478479448958,-24.828292426069005,-70.60533699360509
-69.45169691860114,-24.445916770950504,-77.32204862631741
-72.02659105205234,-21.671074477962957,-75.91208644747402
-81.40073307567359,-26.757338434225556,-74.75754767761852
-90.42485061285409,-19.936962217102245,-71.25075793530483
-94.61099735217326,-21.26944168184012,-69.6518239125086
-111.40719347357869,-24.637670704838666,-82.70356610109418
-106.38965732050785,-32.27815264118393,-85.62332952479562
-105.14649246489914,-33.90760897030682,-80.51485726849859
-94.22243041722326,-31.97687247518002,-77.74404762676629
-96.61378806984378,-35.32742912407585,-76.18441247345343
-103.36405945251876,-33.57165932848659,-77.52396248194297
-95.58356824753479,-35.8257172818146,-87.86824554435451
-93.42447352274385,-36.64835723975408,-90.5010419077974
-96.17649156777365,-36.193086705533396,-87.69538389406488
-95.84448722292703,-35.532555209701655,-89.24157334210263
-102.11248510385606,-29.853956504571386,-89.34918152558012
-91.26403741021286,-31.23639602113786,-93.74754425587473
-99.3262493718716,-27.30092637423882,-86.79000282808308
-101.06786418243298,-24.717513303451476,-102.45800203757172
-106.37868381300794,-25.078806176594753,-105.79830605151675
-105.28171092394811,-36.104213188217585,-98.83369040268771
-109.25623070609632,-37.5322374344022,-98.96606405284062
-122.31548371200564,-35.360180220548095,-96.47893782680009
-114.73917771744225,-30.309717566840852,-92.62810018014783
-92.77237245251544,-40.46253971878894,-104.93344252047751
-88.44434127033027,-42.49374882852273,-101.2684641187227
-94.3208020913506,-38.64835685457113,-113.11947794780741
-90.04206256091634,-46.745434862378445,-116.43120480231156
-81.28844912461503,-51.5008184936217,-119.48231093787699
-82.92741871472474,-46.69047271226539,-119.86894226516783
-86.67456257190587,-44.88733448105219,-123.01104635537106
-87.27921927626464,-43.95151575102636,-128.91365229995264
-82.65954581555843,-47.673248052477746,-126.23224771063742
-74.96319167178471,-52.30873763119669,-118.05298663017186
-70.50046035355403,-49.53724561565924,-141.78211828596022
-67.88977653578013,-47.51764570314823,-134.77461059253451
-61.510957098283235,-52.10163401460742,-128.13350706457956
-53.96750183094185,-53.7894859984708,-134.82922602967642
-57.18406915091312,-54.63356446288228,-133.81134482304387
-49.62857138578333,-55.62437459451499,-132.30215488047205
-46.09721527313182,-52.878193304449724,-127.41634973164031
-53.63565309836155,-55.63895085179174,-125.43694139575439
-40.239861900495626,-59.32781818381075,-124.8330941311418
-28.93628089206287,-56.66058164317772,-127.00162813296116
-16.721675497134942,-62.662593653206585,-122.4386938968034
-17.9396258536093,-68.15015441033403,-131.12629061777204
-26.593239739595305,-67.33113466303,-129.70212243602575
-31.81059057379499,-75.34737784531988,-135.19004884414858
-47.940039412610695,-72.44284939655579,-134.3885997562788
-56.317733524664675,-65.47265573476805,-134.1239869889683
-18.743933963055447,-67.02179455941727,-129.59764667291543
-23.61247515706382,-64.04410625453478,-119.3283682253467
-1.6588922718986767,-56.644600747317575,-122.9996402965584
11.35211843662993,-61.517821263593966,-141.26503578149894
-0.3758764571754608,-61.292819092424764,-147.5784025111741
4.0878170811893035,-64.00491303952998,-155.59513857213267
-0.628302041701425,-64.44105145532404,-152.9978904287304
0.4211965928044048,-58.92127542939188,-145.49694637296918
33.934686126602756,-64.18389862882167,-150.330073754608
35.55624031710387,-57.400603389388024,-158.7677165536954
20.609283285016307,-50.20363071825203,-152.20116956746566
17.66341354084183,-53.43372381696902,-150.13505520500277
15.594443711857908,-54.76275308879467,-147.92290978833736
10.083417157856399,-42.01121798440527,-142.03392350129934
25.196707744843216,-42.8487974531955,-140.14609981347562
20.88541073257072,-52.96519091372652,-136.39213039640853
29.38214499298214,-59.60899217191371,-132.82710821801243
73.25777800243283,-70.7483087562919,-132.56461356555533
110.27446558581156,-73.75389930015507,-124.52194658154805
107.7063752298181,-92.85762222644003,-132.07596315951648
150.783846212837,-103.53687704205798,-114.09314122526993
139.92737641767448,-84.1274517317589,-105.95726045370007
117.2565284828784,-85.81717226661004,-109.25356732818224
130.83833500954526,-88.07248174308295,-100.40403710249399
111.91686772888801,-91.24825266180268,-85.774924676409
91.2726115157877,-82.1676838688052,-84.57791753231331
92.59960868606437,-73.35911770613363,-82.60381407965691
64.1637384359242,-86.58663307378194,-78.68584111367856
62.63499296467541,-85.62346429872224,-95.06349006718118
65.89730462858643,-89.84926693737081,-81.27524139855586
62.648954975905326,-91.967446147116,-79.3631802589507
69.60022900542576,-95.95174764214383,-84.59744835331732
70.49052075063018,-98.35976765867599,-76.39137572519927
69.01723178626592,-99.23182435685263,-84.26053206409372
68.358055514984,-99.70513092001158,-82.5100873590607
63.98435475549586,-97.05597544738437,-86.44382672609903
58.555433793342566,-94.78635114782634,-85.12069377682688
55.79556477973461,-94.47599534120357,-84.65941438803387
56.81862144782998,-94.08848789263527,-87.1085506217674
55.638792009164604,-97.7344520845476,-83.72681165059828
56.64141259405699,-96.94696506249682,-80.47124478406651
53.98266363034205,-96.02289996347845,-83.59342383137329
49.47915841011472,-94.96294891164794,-84.8341574663801
48.260215433716375,-94.04258627855349,-85.22046257184034
45.557055969124505,-93.02148580218125,-84.69710577179555
42.56242096339902,-92.1478752753355,-85.97620051683532
41.56867172243981,-91.19367814888336,-86.12340518815105
38.76385828665746,-90.6847670752927,-86.56481593054693
39.11943949796338,-89.67608947745765,-87.29348797015672
37.7627861641451,-89.97800706663347,-86.59656714741215
36.67870800235064,-88.80638982194837,-86.89987013982297
33.1792113152602,-88.26531330035172,-87.25043215459493
28.440601219162463,-87.08349280041675,-88.00768687873939
26.436737539051908,-85.87815072752976,-89.09813513005733
23.308202057723392,-85.22629860367414,-88.43371411804671
20.840533496422765,-84.88719414831601,-88.56124914892173
17.737422822182868,-83.78883503958487,-89.57717247148325
16.31209661484387,-82.96775773509064,-90.20266136478077
14.050237882642007,-82.33240773742006,-89.56108512372553
12.47806000326851,-81.50475977998212,-88.35512608567561
12.372248221086192,-81.36282964594898,-87.1616113408373
8.039952417438307,-80.90908346456675,-87.32947811173374
5.6757194492877785,-80.28707459235861,-86.71930269007103
1.0730234761626285,-80.19803782964368,-88.41174859759222
-3.3800586096982723,-79.30904440642384,-89.61167764168948
-7.619285020103684,-78.56138148704164,-91.20561243338672
-6.305346666126616,-78.35876357065028,-90.91323813614106
-8.593771465433154,-77.86802765776307,-90.44372140809793
-11.344722880040798,-77.49310688430724,-90.17128906401568
-13.810660268632772,-76.3581440078658,-91.39786333124377
-13.378750479184735,-75.06872476904582,-90.49669268147214
-13.691761936689865,-74.20966344045257,-90.40563597695657
-15.340646116236659,-72.76952903669519,-90.7398284544509
-9.924112724737194,-48.63490525489732,-96.10748363347825
5.087629996651731,-27.68098338965173,-97.71234578596899
1.8958714360641582,-27.594146292387176,-96.9365629938347
-0.7985666384170184,-28.282844676528143,-97.01878796976476
-4.306484498415949,-28.133509539010323,-97.92879224786303
-5.054797208413448,-27.506587179552234,-97.44789193250071
-7.984383207536923,-26.992733478473163,-96.62463989456033
-10.55731461407156,-27.0786441153102,-96.48743553980819
-8.004274220322348,-28.089258433357053,-94.76435887615706
-9.685717769579169,-29.287724256122903,-94.50012519846808
-8.349499131395202,-30.452597943966953,-93.69749649224975
-11.113530642381686,-30.815451607226446,-91.3657461370304
-9.365716669730602,-31.35090857164671,-91.04873402676202
-8.410291796936722,-32.06759351440005,-90.31045374951402
-9.809668503849615,-33.09852147820298,-90.51493064854841
-11.563466855973195,-33.373073208111194,-89.17314918885023
-11.540874498947456,-34.86202777293068,-88.25529207399076
-12.648859203594924,-34.3813177555455,-88.3374885809968
-12.512330600190925,-35.043872226289096,-88.48923049390908
-14.9022510544514,-35.57119660985695,-88.15156891486694
-17.338114471435173,-35.860432530311,-88.47292431169797
-18.459027203867706,-35.60939223911841,-88.90743887628088
-18.284592378373908,-36.42066038283644,-88.99537810186659
-20.860696900540237,-36.86643006567111,-88.7624877223149
-22.708740116659285,-37.43412859349477,-88.64454452429658
-23.182746727624806,-37.149483538877945,-89.1382603528996
-28.6717010713735,-35.28696448716122,-89.88476794520979
-26.339918455303735,-42.53177590120568,-89.31479667939105
-29.05787632326718,-41.290501056789,-90.95057498162119
-30.07339426295826,-41.524613888831,-91.15692033017375
-30.513253091497056,-41.334430329453944,-91.66287508082624
-39.25120278685892,-43.40123258904965,-93.25233281183262
-41.37089979957439,-42.33861874249065,-93.23105074562763
-44.3927557511348,-42.723530064538735,-94.65996999857248
-49.68151114173839,-42.51250716854537,-96.528181943242
-50.34241173139402,-42.33726492433727,-97.00628406695077
-52.95412072734357,-42.490244415835654,-97.75255136284127
-53.123606098821895,-41.79840179738811,-97.7679853950262
-51.899424915886435,-42.239198941923235,-97.20659023238136
-53.00149792994549,-42.74220220582422,-97.1643556449921
-53.01236948087972,-42.42794407648204,-98.2417424253825
-53.23259354558816,-43.254009143113905,-97.319198815467
-54.54300155283085,-43.50673438637846,-96.48619905740642
-56.487815010414344,-43.811841694717806,-96.15300002935706
-58.5427484812647,-43.4434665561462,-96.5033094123865
-58.709603688325785,-44.20619216476323,-96.31483505937783
-60.62172641901095,-44.380811515554626,-95.56315260885185
-61.73006736786063,-44.84465002894343,-95.07148978657183
-62.791069754812696,-45.06219196491813,-95.31047757416775
-63.51896614521358,-44.44073425845156,-95.72542986898564
-60.930345666336024,-45.07278895097325,-96.22350789508262
-60.163668206411764,-44.82684916234295,-94.39465411386259
-59.793729416704295,-45.434376600360835,-94.44238425655674
-59.04183253163718,-46.01095227895649,-92.60301688035226
-55.20161284563805,-46.05632100463776,-89.10018585929127
-55.45878476472957,-46.26306920156264,-100.09054764827239
-53.12787456375991,-45.99407012943388,-100.08634560804276
-54.436489151622986,-45.08803197749411,-105.32793619168103
-60.70618493420336,-42.980073355052,-107.92332437845472
-56.51182453941996,-41.578066854497,-106.50642570853006
-56.09187994527506,-40.65140473288039,-108.81131891370445
-51.69143981142292,-39.432041400546,-115.690806848941
-54.81056676124145,-42.14078201365853,-126.9042330827164
-57.70401073656843,-48.37731785759365,-87.78378519952726
-59.38542719798083,-50.98457653161061,-90.50395406692158
-55.8997116270788,-51.41146841630421,-88.72276471998319
-56.6503533712333,-54.481152039490865,-119.47619132146181
-62.88148870194733,-61.90882214600224,-162.1234471850095
-74.82498829659828,-67.92217423942202,-160.77196551824358
-84.62393724674789,-71.52686078593969,-139.97338821556852
-82.59426332777936,-77.53908125914018,-128.48963067014114
-81.17528302217892,-83.50374995439455,-116.67214230799017
-71.86673856374773,-84.94647095851094,-118.43342251878563
-71.06575796038204,-83.49457524294091,-119.26363027821954
-70.22730082284666,-84.18628332703562,-120.89243484649283
-76.44641037823543,-85.43479927732167,-118.50864024760418
-74.22669205798881,-86.95988921287235,-120.5863711108998
-77.37398615473454,-86.06527714005158,-124.0574188636896
-63.82027811549644,-87.6341189581212,-121.96183778381926
-60.2136240391726,-88.10508801362965,-113.60997319556014
-65.94307838833922,-85.4595079402606,-109.69880724242402
-61.98242805216044,-85.7277354219392,-113.19007256620333
-62.80085039022979,-85.54288274574189,-108.05522945103611
-60.64153985598946,-85.71128470883808,-113.09388768776105
-63.117411680787434,-84.80388596483417,-103.7278169608473
-81.69337785735173,-84.4765282661093,-105.3865836777452
-83.92358311160082,-84.26385865088305,-93.30042850317764
-87.778243403342,-80.83147090797551,-93.11565477785393
-103.21627626737298,-71.79585064992203,-98.78781493841895
-127.4977895137028,-73.90744697114471,-79.11622228696258
-125.21898782453319,-75.39363554312612,-81.12152005237665
-117.68417718447003,-75.23375154434146,-76.55122456552743
-106.86227627512802,-79.02279494230885,-68.71043352496693
-93.52456092833276,-77.5971603020391,-72.66895361784971
-106.63157777357084,-81.98002133732066,-73.56523639148512
-106.53561273430249,-78.50596240505928,-71.05977582308729
-98.17524223682102,-79.08808549670158,-64.61166956133033
-94.83175178150769,-71.56461189601235,-55.17606339017711
-98.63149994678153,-74.60326416415575,-49.6352493822477
-100.44073254035861,-74.25838310709942,-53.89228960906986
-104.73754366319528,-79.04830586770805,-46.719756068733616
-103.02571622043705,-82.93624732270894,-48.908327221768786
-105.80076817995348,-79.30377504952305,-56.10019874276648
-109.25217466356916,-76.0498396549702,-59.12594573714468
-106.94164889215568,-72.30452905117497,-63.74251696594297
-87.5105718511785,-74.2910205220204,-65.1045775699744
-82.67905684292292,-69.76218201455877,-75.79597295191952
-86.28039820834066,-67.54891478470893,-74.767482281294
-86.37512649669769,-72.3961775838822,-67.53613635035131
-85.9765252991039,-72.05841980160555,-70.97653823701509
-95.88180266701254,-73.602345549923,-73.5534449667684
-93.5904324704053,-75.23091561828673,-73.68129575285063
-96.81064375497984,-77.58122336024661,-65.92070676874121
-85.00896054499718,-79.35465118453067,-64.32421820714455
-77.6824538176473,-81.47651400312337,-65.05603027236924
-81.59918558934746,-79.66378723076724,-68.95836035967059
-76.88926977211074,-82.11753060852891,-68.23041090619235
-77.82259415552522,-83.39898811774223,-72.31341563098297
-73.06438628865723,-81.52915041257194,-75.95507974904233
-73.48543792913468,-77.6756354948027,-80.22494635154203
-79.05719435703571,-77.05742255683545,-83.82349801723056
-77.2041796832712,-78.19563373338009,-84.1112305344488
-75.73091944862591,-73.9825423808247,-75.22833442442116
-68.0225463006458,-81.07934955168841,-79.62897372799783
-70.34709245488516,-77.83049080385634,-82.48991043551116
-79.03268378455988,-78.31954857538575,-80.53880983492817
-65.06006761483657,-75.72795117593961,-80.78432736680415
-61.27027737072705,-77.09967344349758,-77.39704943554221
-55.33838519562493,-73.73729456871224,-75.43807191871295
-69.8742103598161,-72.24948875245425,-79.49512909174044
-66.07186354709198,-71.69509286514878,-77.24271699960207
-63.48964760068429,-71.84142655613508,-76.97315024786504
-57.39434696716377,-72.5942602479077,-73.58713551760906
-51.061762153775284,-75.21981525896976,-70.24006421391488
-45.030739903735096,-73.05692460652436,-74.46655960256338
-47.73348465442477,-74.56785541247159,-75.1476324245832
-41.32373966131066,-73.5817705298065,-72.7530662094394
-49.477972185344875,-72.76841514505665,-73.01633632129182
-48.93263432162933,-69.09349178435703,-76.68476412650021
-41.64415394971843,-68.50088855981285,-76.54924441226639
-34.44341503956705,-72.65996009475701,-84.75108297074053
-24.72043267127741,-76.08593173213558,-86.82942515190352
-14.548763127762953,-77.21700534235508,-82.03319412391224
-12.638408418026719,-78.28291871866301,-79.22795587253232
-23.443854710741185,-74.67628487160422,-85.55522296180021
-11.84703243910055,-74.19225544047191,-78.53413862068031
-18.86197208215,-75.18789430321353,-83.48798218642602
-15.52254583052387,-73.344297830224,-78.20446297088712
-18.470669820262177,-73.72161118518468,-88.70494649538036
-18.996731065859446,-74.03499156892615,-93.02306177366191
-26.740912052610625,-75.32577427300622,-93.63301977054178
-21.112134583302463,-74.12272282669142,-88.26427006655095
-11.484673667058862,-74.23621540839717,-86.43924490985854
-26.582856462995927,-68.93362283933409,-93.31908017954851
-35.16051987208957,-70.05546203839462,-92.36611417982289
-26.09566818421958,-56.403072615855656,-91.08481363353746
-40.98811625523026,-60.01381241639875,-99.48710896989745
-57.4007279146477,-58.307467355832316,-102.89056991412352
-58.19317612422973,-54.94102294058959,-106.83974356553655
-55.819420338883596,-58.62283381239511,-103.37400257313924
-50.84231441977349,-56.04314299007013,-106.29719225102815
-50.285662839730136,-55.7951764589358,-106.45611099741762
-49.822233282474464,-55.36048155300941,-104.1676889997027
-51.04842532971894,-55.94936909722848,-104.1391335114934
-54.31300803074187,-55.92195283030003,-106.9384335054584
-47.55878413635315,-53.87415634170691,-103.7345165437267
-58.13848842564823,-54.78175083280306,-99.78826859288417
-58.31008420984887,-51.24762568287678,-104.75222524072859
-50.32554250495961,-56.47754119739825,-110.0117869632881
-21.585497065772753,-66.14755874698581,-106.37687268118844
-7.552997126053404,-73.46308904579321,-102.30849263729677
-25.45096804586676,-67.69691492512017,-104.49151519336846
-33.050163550075794,-63.28606414696186,-104.67802936464979
-7.570829734681333,-62.587251888559564,-93.66132164610141
-5.713070704755614,-61.79631963806967,-92.57497737947392
-8.898996160637541,-58.808150607151234,-91.03885468694754
-21.32663867545928,-61.6684700049814,-94.9834535225613
-16.702418526826325,-60.82221537382134,-95.25443346552193
-19.30640769386238,-57.97033439594009,-87.94866402097715
-15.557129093377656,-57.17953390830843,-86.70862024192644
-11.256665281412122,-53.578220710136094,-87.0105958970981
2.0473638376758054,-52.94904245975719,-88.44234299184865
4.955850618929389,-54.54124514736015,-89.63636032696996
2.0367087710806024,-56.49953161971211,-130.4250245741413
-7.302176058128628,-57.755093049619575,-132.09275961664713
-2.069816952375239,-61.62660369923467,-121.2704873201597
-13.313543513969307,-56.44496115160304,-109.52185560800095
-25.567722506598738,-56.289556705722894,-103.55032672154373
-33.31770087333038,-56.3680482775945,-114.93033001767552
-36.89217348819676,-54.05875261167755,-113.85719527534097
-31.41033372705642,-53.80471162276624,-112.81413702074326
-32.38395530856672,-56.57021022608104,-118.59316522965362
-23.571821423762174,-60.31623768415685,-109.81600185164145
-22.18923228499139,-61.07581394449989,-108.85597301762263
-17.667296664414696,-60.40859961893836,-113.45249733207378
-30.77211618630887,-59.617489444713144,-109.00538907096528
-44.09731873416418,-60.96699543229521,-117.54327399126977
-47.20519227589889,-61.735143976847006,-117.90067548380809
-50.53181772470803,-62.802385403010746,-122.94989087851243
-54.9045023688706,-63.9765761498318,-118.94425735430794
-55.58992730830396,-65.02071876824076,-120.73417734055705
-54.04497945834046,-66.23330504101044,-125.85874356927827
-52.776674172955325,-65.68081887763091,-124.04618101339321
-64.64354853028495,-62.964683673129315,-117.56930395872257
-61.4698157296998,-61.747415533157486,-119.05350887353683
-60.33025071693886,-63.74677529728313,-95.75554627185188
-66.4077063975176,-60.69542890976858,-92.05957393006213
-69.80876952353731,-61.74549143213947,-100.84971713572587
-65.19989094953401,-67.75255259352984,-97.29689204285965
-61.59223693971028,-67.49483983567848,-95.54330108560822
-65.91804597946663,-72.32139226194883,-94.60311944681233
-65.57811761622575,-72.76017599030307,-106.45896739666317
-63.728491217498544,-71.77029866212506,-116.9978427112331
-69.42880566456213,-63.98856898457899,-121.48948706818136
-65.91524608298266,-62.39083491717715,-117.37757024438835
-70.32902024779199,-57.76871640638458,-117.05840366035648
-68.33914192119666,-56.69920556977301,-118.4974034383471
-64.22114796650906,-57.90372147504755,-115.25407099938008
-67.50219872899638,-58.45274461580746,-116.0552805213395
-67.83198547905123,-63.35923243302952,-104.91262500511208
-73.0715961792219,-64.0358725482388,-103.12416583666986
-74.5618388367092,-63.75820015211163,-102.80455191617716
-75.76877898753932,-64.0040353975698,-102.36604386937215
-84.93276851649328,-62.266371280362605,-102.61237378338599
-83.55024280852679,-61.13866480553515,-76.26659519029414
-80.0750242397052,-62.69901954967338,-32.920342425362946
-70.58441419918503,-64.6042455409831,-1.8733756421271965
-81.39268515179121,-72.72342996001453,49.746255566073295
-88.25812668839677,-83.12311077959414,61.97476785472736
-95.09072168100515,-89.52860075542621,67.36516714506877
-85.05471022561056,-95.85035365422733,-7.956407266987653
-82.58327820343943,-92.62480763351685,-37.963795568331044
-90.56671339134802,-91.2361917233109,-59.90789289113245
-103.09625130912508,-95.12990158218875,-55.051818524044265
-71.8264394536765,-102.71427349761002,43.539409263688185
-71.57031810369573,-101.85026668712777,109.77801114031863
-81.70587385229406,-112.49170542250086,143.13510783196787
-89.30837076288199,-128.49588856131038,94.81387156036256
-87.06997498428099,-128.814228116594,2.2324701112120744
-92.48446983251867,-129.53313358029595,-11.14610581052605
-72.5075110360526,-125.36498512635943,-18.99546456130705
-70.85607622886253,-123.18452162228002,-1.9689299358687018
-80.29143734873226,-121.59874007204175,-0.7827916699091636
-87.79355691081123,-121.23883365617642,0.5483776965497429
-81.22556187732363,-123.21798516740772,-6.834580361075338
-94.98024296148411,-119.67246622050013,-4.045985861800972
-104.44116341752303,-116.99267723953413,-58.173681073713084
-98.31663246795915,-123.82726423951846,2.996263083458782
-96.19796662929147,-122.50966117748666,-3.9288146390207275
-100.14645773519634,-116.9773600463946,-10.64290885347186
-97.32569912776916,-110.84341055168319,-27.00295665801564
-94.85073023570045,-104.01017754160748,-36.044357163756096
-92.32945707383864,-103.34556352869461,-45.480481119368505
-105.09709661156326,-94.08010241812241,-43.241755295046495
-96.62531550019669,-87.45288116053402,-50.83473077581235
-91.54050409371084,-97.82341158198372,-32.746165666633765
-100.92461166144125,-107.8604441241688,-28.89356174830894
-107.18336990944843,-102.63284679304799,-52.887146228970465
-102.70066103522994,-107.0258758494508,-49.316066243862856
-70.96251742888062,-100.82023419729698,-66.87734465447562
-58.118656604592246,-103.61701284679172,-67.9585150286415
-30.992752694224478,-112.12590907549244,-69.0532209027691
-37.38507945689627,-104.72401575044006,-63.27940465900748
-36.373521770126445,-101.73555073763002,-64.68075807922779
-40.553721497162755,-101.6699048641906,-68.26860818680923
-41.45242510097546,-103.76811988697725,-88.23540268311116
-45.06701697519843,-102.3392597519051,-68.3875750419308
-81.43037387583851,-94.28184240479449,-44.14966029675664
-88.96508625029482,-94.19412115644798,42.376048324655
-101.52378125921612,-90.19983770687993,93.98494389628279
-104.30842351338107,-97.64486706664442,98.71804469438415
-100.08627724591278,-106.52679808563752,95.85020749645872
-95.19299080452915,-122.68487048765067,66.74230855149357
-109.19252676340092,-130.30112568516057,79.76290652563667
-111.74578276733577,-149.28584106738387,71.10204639194308
-90.13532210118427,-184.67717963217908,-115.27381756557106
-63.25952605371719,-177.8006445553072,-147.5569825568883
-58.10147658891916,-176.4221193382076,-167.42316126144507
-57.98271796019637,-173.27815817691354,-165.53820634151316
-48.372948042241774,-160.79509727203035,-177.69109903075238
-78.79372460535714,-162.37386711946823,-168.75879294253377
-63.238325666294806,-161.6082906077743,-177.6242669922947
-67.07258772559152,-163.47939099728717,-196.0930829674089
-87.1737698014513,-151.66788989516456,-203.9556282906579
-106.9087847771985,-150.0668506968209,-206.04434396812005
-106.03132420500216,-154.424668759437,-198.03770800540806
-113.58450876530738,-157.36758639343458,-250.0343607371994
-163.52628989932336,-156.60235408051702,-367.4819761581192
-148.14407601059398,-148.87806792849318,-407.90746487537626
-127.6997974262365,-119.70875498427222,-286.71252823514936
-119.31767205244627,-124.16026063956993,-210.57894347920708
-125.1345104666707,-133.31678247786553,-172.70331014304654
-114.44586926434955,-123.31126543359389,-167.97771283274346
-120.41476512873439,-120.42418276906984,-160.99842877136584
-115.34207790730505,-118.70334703116055,-219.1948696609482
-143.3082426605911,-118.2070977993909,-219.73125274373808
-177.2913535915234,-113.55212108072273,-210.8411311355204
-196.91280480889102,-107.03538265627904,-208.61238669732523
-196.97393835857966,-108.29587479379225,-198.18380737311736
-210.469608395019,-115.68305994206624,-192.2517101194281
-214.91994641294184,-111.76814075847615,-190.10814477058884
-212.6114799248471,-116.08113393453579,-181.8033923899099
-213.7901990986812,-100.45912415925706,-204.00327687205677
-218.35697651357134,-101.80664905668016,-187.80656826540675
-217.04029756993927,-98.82768661828328,-180.13262959589872
-212.22713945135004,-99.88211880744726,-172.8050447992118
-213.48796588947116,-91.87663726032783,-183.21069593285736
-191.60134600228255,-90.07535211501555,-186.99196296489092
-170.89429700368134,-86.62076834291193,-216.63907752780878
-150.7085663707978,-97.91353546359716,-175.60723588012257
-148.4790735601378,-103.83562528467931,-152.7093213763242
-109.12985331669135,-101.8236213764204,-148.27221494964476
-90.40975265119897,-94.82471017810704,-148.41407407134045
-94.58089035834786,-94.05684825797469,-150.285391335511
-109.16933852001253,-105.61726816896807,-147.6690064257428
-125.44300387024415,-103.75648754421083,-153.41567840210922
-112.79688263768331,-102.9558141376535,-191.15565070113183
-109.23632591724973,-108.05430196645368,-183.27019579540487
-106.42099002055768,-113.57453949321578,-169.90822769906364
-105.96062953406401,-117.40896905820668,-149.67395317269907
-110.04027219536128,-116.92807855033578,-121.80945002846525
-107.05859107403118,-115.94347657524537,-122.58673660808385
-101.67962621923442,-101.08134497973467,-155.72549961237812
-98.18523357923402,-98.24786151597975,-169.2733125552802
-94.52905737044546,-105.77915628351194,-185.526600134357
-85.85832681542968,-110.43683487624493,-192.1678034401815
-81.57855518438508,-116.89271669238774,-157.0122593653007
-80.95203309304178,-101.77110471491716,-152.1897573302207
-75.59110344651874,-105.15018842438737,-103.81938698853745
-66.97456390123355,-87.65048018687901,-103.23174571749865
-73.99845456894143,-87.92123859221374,-106.03230761451736
-62.50291493221256,-93.55847783147368,-149.07855049299306
-52.93130363270871,-90.14046577519906,-150.41703190844285
-56.01031707759192,-86.63444708594683,-165.06157980345267
-58.147687403710854,-87.47952538318816,-168.03506361030975
-48.873619545882406,-94.92408303198036,-94.61238922108022
-42.144222194158644,-90.38205454050677,-111.71760362470617
-40.83103394606979,-93.61703710301926,-113.08095000880631
-56.03965763508407,-85.72659237494946,-119.94295054439982
-64.20143522909683,-82.84039457811673,-126.40905216120616
-58.640198731089775,-88.96156737810406,-130.66880435037078
-64.56186552688463,-88.76019713161561,-123.63582234662722
-71.33034910510422,-93.13985920066817,-124.85675868401827
-90.47618518823192,-83.40661313463292,-143.19061783991035
-79.36232372850081,-71.52826628595284,-155.38168586600762
-67.8446343518497,-76.75270961729414,-139.7422533885323
-115.84800625330188,-89.72803385412695,-135.76591713438455
-115.47456520566466,-94.59425842125513,-128.65589894426685
-111.63387976830793,-95.29839610014376,-135.18833035291314
-115.56257735648774,-92.5423223020889,-134.6217090425175
-149.37609867257723,-85.62185903182414,-112.6625702655743
-149.31238870541932,-72.8473332461413,-124.03027767706145
-136.04927821734765,-68.12485248400066,-129.12757527262067
-132.26404397189646,-65.91623804549609,-129.4432380557463
-95.39982611444309,-72.53311457982703,-114.0196999324279
-82.60164688704441,-77.71971211525525,-87.67803413323817
-71.70287419334046,-76.15673934290342,-79.46173829110046
-58.77791986720782,-79.51976411517423,-134.86550133836408
-64.3442094776219,-82.02364529149554,-69.95931697953078
-61.57431798841167,-102.46215691679129,-103.01971737376137
-51.47856195680153,-110.0278998916533,-90.56457948497948
-63.05876293145934,-111.06114796371082,-36.138364104919475
-85.30607395878512,-104.65424149940601,-52.412046197492096
-92.89883106433705,-102.04822161351011,-57.53506342069335
-102.79894909977104,-98.22976120191007,-62.627069389883076
-93.08952636627632,-99.48867411147347,-56.428481866539364
-80.33232774759311,-101.9834586025627,-66.55485193885609
-92.25159306147285,-97.47991095574072,-58.064040163497005
-97.49432377629661,-78.92305596813614,-66.06409900085525
-96.97523205579469,-76.27895503100987,-63.145866455950845
-103.14281792789372,-78.48336377307636,-74.88902055011486
-93.0641327219667,-74.71378760324755,-75.0906867181593
-98.15961479261041,-74.37955691278619,-56.99430126513711
-95.86944052080624,-74.57698247386591,-35.98878859590497
-95.5206534765289,-74.15352723501967,-27.910818388210377
-93.96693773351205,-71.8164384224542,-44.4228839243319
-89.79376487419601,-74.93068936432266,-54.31790320452179
-98.44008925723888,-76.43348728543657,-46.608348579468306
-85.31786668296569,-94.46793929223819,42.85148187914708
-104.38812611278398,-88.35952987826306,23.766559786796382
-100.33155577667623,-82.04373048135484,-1.5932866217976076
-105.10718317211578,-75.07870706711054,-20.39113559962163
-126.13208336539493,-71.26432875636321,-29.10566385084974
-118.04188074447583,-59.813901337995105,-36.607592534872815
-112.06168337232633,-58.56319314144006,-49.24542519108303
-105.41772642494483,-58.23922575345059,10.085779913148096
-125.73436287393218,-52.012669249522844,-13.599827015750007
-108.84594818914353,-52.1466550701025,-15.78878745381
-108.54628160933517,-51.26610945480689,-20.082853811554095
-131.39716226740475,-49.69371403468193,-19.576143609512144
-142.37933292858295,-42.14437925281547,-13.68468232656143
-143.8798917350148,-51.11787189083627,2.4640008176675967
-150.44997489065022,-54.40342493300324,6.630054075663182
-140.52890699759791,-36.605301595281865,-1.8401898865656605
-136.89129660672248,-38.66787392238014,-7.4817445022809475
-130.392933934303,-39.431924102542624,0.10713753161069306
-128.3333310213682,-40.90057379648463,0.8867252152413367
-113.80774572288428,-38.096657517686,13.811132196785927
-105.49793384238889,-43.54770754044116,-16.65999063796866
-101.71862972801355,-44.2632747004542,-21.924254751017102
-126.19907947018935,-38.070774634753576,-32.45017308205795
-126.20601360922836,-39.10582823927725,-17.49014032599237
-123.69893872409352,-41.19555557681439,-24.176476600524545
-127.21548272495663,-40.62996196892539,-27.083688437640582
-121.60978065820423,-42.16658882505679,-28.56739071053523
-112.12424164764036,-35.84687426387258,-46.274876310767276
-122.50807056130292,-34.92339989055829,-46.78470869328255
-111.17280572151195,-32.10211736187642,-37.25623751326266
-114.61405773088879,-33.787303235409325,-37.66328779941864
-103.2599392822543,-31.879437626766748,-34.005512124002216
-99.81159776855635,-27.716707370141478,-34.14168228740122
-100.23369694351864,-26.081608417307567,-39.13808357436561
-99.34784537220412,-34.7687266363285,-37.346377682252886
-82.14129817308677,-37.19821810893544,-35.65840817094312
-95.37857446805812,-31.402927800592373,-38.732833957568765
-102.22129846895466,-28.1949552040564,-53.187185927916936
-101.56968754339351,-31.953820800335127,-44.58019084872619
-97.38646413657672,-32.11489323217363,-28.39951189993253
-102.46425719472295,-5.6184852372998755,-5.574666459499635
-91.39355990109655,-4.623640113283068,-8.639366260246614
-82.76226790264786,-2.633055031560842,-15.451015343529368
-84.99513661740859,-3.916409802772824,-15.104839833597262
-96.28938622675734,-11.63987026986382,-4.788369680791937
-105.16652569564074,-13.966549417942304,0.49374323986230617
-99.5667318390872,-16.726933503346842,7.80875008248162
-93.4507588055639,-15.722344933325529,7.1600629008518695
-94.56132593159063,-16.687194043637184,-42.66863990714059
-92.78620442024055,-21.43716607431823,-38.18912487731313
-91.75220633153234,-22.658957085751883,-8.545720768756922
-108.904454662787,-18.285814494799013,15.825529430708475
-88.48662769004383,-19.247321260781884,14.569865547508654
-100.33122327916274,-20.23623169151437,29.154631408824446
-104.43197182963794,-23.495922678831867,54.574205845758996
-104.16045497250732,-21.649531383755516,49.99119119615688
-113.43953796506241,-25.550318344872867,-3.645864221419483
-105.31952614788679,-35.974293424508744,18.357370076389312
-53.79780716113169,-33.28633976782175,0.00287698994348784
-65.18012166788401,-36.0224377979289,-1.0296851332746995
-70.14709997357933,-18.163752928901204,-29.313449578331404
-72.14277460466877,-27.93715980076075,62.00300865055874
-96.3274294544728,-16.25364500721258,77.12264737677152
-76.82941279148713,-19.536144750679018,-4.366576316606362
-75.59849513669366,-5.942697326363804,-137.03618984118344
-76.10266609258801,-16.729680406495472,-60.82728090525234
-94.7578257802159,-14.378762675180996,-70.28251541842567
-94.34232011056821,-22.03811832816381,-68.26603843166859
-103.28063996534169,-22.457357133398805,-76.72703870453168
-107.59187069054211,-21.955568557653308,-87.49090760290835
-90.66493383689398,-28.818646715100073,-80.16669995585528
-82.88499569299219,-22.182400640700735,-72.7161847144752
-100.22855651168359,-17.074169188435313,-71.00550896965616
-96.92973474893749,-13.20210864344991,-65.45214485282688
-53.480583384805385,4.044267109525472,-67.92721647901358
-50.45735853135116,7.355709247292182,-79.11564921581889
-32.91771593138481,9.32734677512499,-93.63582033789557
-24.182423597408278,8.608909281858136,-84.65591904963081
-34.873282204612735,-0.7838825340625517,-74.89216391544126
-44.48889297087568,6.0393354920578055,-78.61244057685578
-45.177130269490654,-6.084667886774768,-74.07061873637494
-38.474673802703514,-5.389227996585876,-63.37534785844369
-27.53760334720626,5.302693476656271,-61.31328452856769
-54.44398713145302,8.141063730162568,-46.58215359860554
-56.584578520512956,13.55100993686018,-93.08306501049964
-48.159373242977026,11.513884689956818,-98.39804093434098
-21.415659560072534,10.701042745362669,-81.27337164005955
-22.774272446459307,9.828273514039267,-71.97055726112941
-31.555557029110012,10.490898213182476,-92.97675889898912
-37.736618183237326,18.23647323225372,-74.63239719540242
-38.32128695243179,18.153968918111143,-42.49921692274585
-32.255315142591904,19.01020524978326,-98.68612527970433
-19.19908540405801,3.0992997653931944,-105.53722798133036
-36.194616423078585,-6.881977465771144,-62.00484575186934
-23.469640497879617,-8.488242151984961,-59.91018934425339
-31.672543391883227,-5.1398558891379835,-30.42962050458818
-31.85012679825784,-3.3528687989024286,-38.05352081018111
-25.168567273648428,1.3498356369472466,-36.70451776838246
-9.542219297284174,0.5509549040444115,-81.18734703555226
-24.48780763386412,-5.480994900434537,-45.34709089508059
-37.93024761123972,-4.635006858263525,-49.721686218207125
-41.322774777542676,-8.194823914605461,-38.400941727593484
-68.4037594814076,-7.000123150769976,-9.595642054347502
-76.34371637056466,-11.427492062969723,-46.68176467568305
-67.3440481588945,-15.024178799314319,-44.756732021952594
-104.21733312823987,-10.377994031088255,-53.616962949361046
-82.20108260719884,-12.113210041158105,-50.98103671220525
-80.96373485377644,-2.0161151021143064,-210.69531744772686
-94.70574942315922,-16.30985299469126,-387.33271411283465
-69.73414626363495,-25.072931316533506,-487.05266868813345
-78.53103658896495,-52.906009320277676,-499.5533476044856
-65.85219262912743,-69.22448067158805,-467.02245371592164
-72.32272163355206,-67.6793772206034,-259.73605970928793
-49.275410557491064,-53.993058283678145,-61.04022208846216
-50.85681680165606,-62.22997346147291,-44.70906920261681
-25.6786177872992,-50.38178004480461,-158.08791127814158
-22.86145496068548,-56.92870008597446,-136.5855635062681
-3.5286488329572103,-55.42597215267071,-141.6762890683996
-21.49503227438382,-50.785443231188495,-203.0742249743685
-18.525861421108033,-47.431536924725336,-198.32474694613595
-19.25259161898706,-46.22853526707593,-200.31885677903142
-63.83250036683975,-56.81172189415962,-165.31674770868463
-71.8635219116558,-54.1724907520154,-158.47820681372258
-81.36825513770663,-44.930602096683145,-166.35609692628705
-76.89112804498548,-44.37018366661647,-164.23151711725077
-72.53284183053894,-43.834708028117994,-151.97881628850266
-75.71643289848672,-53.54892416387592,-135.71040760358895
-104.00438557878027,-48.7344902368965,-154.9228013550962
-99.09613250917764,-45.49994362405493,-185.23196906584948
-101.6100192765633,-42.435846583574765,-161.28664046777752
-82.77396393657483,-38.55440892799497,-157.41722042744482
-86.10022145810112,-29.395903287370977,-171.1928332446775
-75.51191633715062,-34.13785166835318,-169.10790799233533
-70.41491343833796,-34.40212788627234,-168.6276003351533
-68.67952396614587,-37.097481334185936,-167.52129587429081
-70.87460936496012,-40.02396117678019,-134.5814779576622
-71.1183283530052,-39.57180639896696,-152.52591808507816
-71.55791642479775,-38.0814384165515,-148.37925136251286
-69.21485256974499,-38.72070353332623,-141.9402121081281
-59.495186163598746,-43.082237128380086,-133.73507956755554
-77.15241568600533,-48.72894033026018,-134.16977954297406
-84.99009493025473,-49.18417552313176,-129.90764679882759
-87.88786177432479,-46.57566738816992,-129.19510101318218
-99.14699718045883,-46.18684417357835,-125.53727351658455
-103.67486268058224,-45.50640349027499,-139.9362254380186
-102.57694721064294,-45.309014136722155,-153.37913565258717
-96.38140688362219,-47.47791309540591,-152.2224565521046
-110.44833715121565,-51.17818978665445,-153.58370237270813
-92.02377913175404,-56.305827592923485,-150.9772959381138
-98.64563890678889,-54.958409760572735,-137.24554672107385
-116.01391612082722,-51.02312618326332,38.154504911067676
-114.76965102091515,-59.96210431904345,59.62268399737475
-95.40998563175015,-49.15576455491365,206.57991383028724
-128.90694532928737,-48.234716424839796,488.51910926406885
-103.8546928619402,-38.63182059906707,527.5078558559666
-80.59023418729649,-37.340947291765055,527.6650828037772
-80.23872252429254,-83.74255747014388,140.2082809079582
-30.70422361937386,-125.411047094254,-348.50268462735244
-20.221846048692157,-121.23292932937818,-157.95282757656759
-21.29390609210298,-121.72922759990944,-159.72927459300533
-22.71912107490651,-121.2706804623291,-159.42752488513014
-20.908414762593537,-118.97426086791108,-157.48541248759645
-24.609536903187607,-128.95696851742053,-100.93629626972607
-20.46767463821221,-129.99155954452922,-116.224987042478
16.73294333981921,-141.28834901748957,-189.35081551609457
22.615732178543528,-133.909671591194,-295.2168498050556
20.11103675728526,-141.5881707487297,-357.9900637686355
18.363640901938698,-163.41565955772273,-544.0784278748491
15.749456331445243,-151.35302188076986,-720.4012409460782
37.77598955982561,-123.61124925328828,-421.959325171896
7.098550376867402,-99.44106792063185,-203.86885901185352
26.98390859923015,-92.63768574907118,-23.103346481361907
36.36557457197521,-104.75055160663014,109.6330707674902
31.137465030185353,-119.29109484885518,305.7066077660465
26.14749557506577,-128.61558204222925,208.33859808520577
25.915940395467043,-133.90106040911303,-35.894517673933365
30.176324104341628,-129.4219783220971,-55.45163889274481
22.618808746438585,-127.47038360911122,-54.68314152874061
21.59651484422176,-127.03000159962829,-61.74504435606222
13.003326495878163,-122.75682005405778,-63.362580206860926
25.523504960226212,-124.4736389747995,-67.15581867611824
30.239260048915003,-123.88622330194733,-62.29724247597305
50.79395680672838,-123.12130448687314,-60.551363104580524
46.350830210342316,-122.5848339717758,-83.2175900855565
45.92614210505256,-117.25439931800834,-118.23960912301182
43.298873868602364,-125.59948794405075,-107.05580461418201
44.37201401907714,-127.282372461488,-106.53499741383051
52.70439568618388,-129.10898176754392,-103.96848425441496
46.1935098405714,-126.23797298369628,-106.18463167330152
34.03328432172699,-126.03073283873343,-111.89493347779229
36.598579104706666,-121.56306908011503,-119.64647916708941
37.59589896248367,-122.31692725282741,-122.08786362497611
40.06684153121397,-120.85265704702495,-124.82844279165327
37.62471416417269,-116.82918059984075,-118.09457234672007
32.627813277333004,-112.7598623754343,-105.4076379018644
36.191093092248344,-115.62707968532042,-97.60807927786212
39.48016388023091,-112.12780711483056,-97.18831418378366
41.48321056222452,-118.40778311017709,-95.69261992648292
42.3148595305645,-120.94993066337362,-91.6200623700788
42.88074074125427,-116.85526349418947,-93.26430037000614
50.36168122590697,-112.394759757273,-107.54269930197974
41.103784155488995,-114.0062569139497,-107.06434406945365
47.609206935396365,-111.78409631448196,-105.48206290677427
33.72657305381152,-109.15381471409637,-111.44777627405547
36.19647824067299,-109.45207952876376,-146.28948264327997
36.55274453515358,-116.0731531052523,-128.70747847426196
34.40110313292424,-114.36118526793102,-119.39257341244411
24.473111763258622,-110.84744266057317,-50.19551039585646
19.72842087000194,-111.75732437619418,-46.94596137860232
13.755183757463792,-107.7238603712771,-64.73964124791343
19.179966615216124,-105.1152499643383,-60.34328023986347
19.074796073975698,-103.2496976321359,-62.106569610015825
20.409383665525162,-99.55326256546003,-65.9338421333388
52.247963589012805,-92.55147104980065,-58.44026757581652
43.49362778389887,-89.69949667430319,-52.66142020515057
39.34484116116646,-87.78254457631337,-49.527503999625765
42.24755851224894,-87.45801282226581,-46.73815012452276
41.47918152464413,-89.11576724724041,-5.630371430247314
27.837940326972806,-92.75264410866559,51.641310155205474
26.53326748756244,-104.71086043019722,55.51426200048899
20.256017724626023,-112.10644059056882,74.08523443329071
28.32202418740882,-111.91474473341187,149.5416483188447
48.57319282792263,-106.92382249678975,232.90621042979922
43.06801925782916,-102.35264493518014,291.5296447492563
39.38003313056838,-76.68954073627464,169.33560172151212
25.882532341874597,-105.79584452616311,-136.43441948883188
85.38145361432424,-98.4939398551666,-240.77597023639802
77.39276089463931,-111.35127856655832,-312.5881354422037
74.20890668165414,-112.89819548066528,-273.1202748066236
66.84189672234801,-117.6515942791819,-235.3231681831428
58.734131162896446,-115.07258244558713,-247.39776823337442
62.3159793346789,-111.65397115534799,-244.8378332874909
65.45398364607897,-105.44742157415207,-264.38827275856346
62.74606416131506,-98.4582001065591,-277.1094950035874
35.74715221332181,-110.79445961356582,-281.45857366633743
33.10424486275105,-104.73669914319862,-241.49805345344294
8.151829431460714,-114.64033528738088,-247.3721138529156
33.79736411996283,-114.32483354223156,-239.0351903456656
43.22278522940015,-137.432430043934,-278.3099002077364
31.377751849013357,-162.44538851916283,-280.296615055124
26.316734853970075,-163.7170137899607,-273.4277920458851
40.282278780807324,-154.170800312687,-309.954900276718
37.89848663883617,-129.4379561905713,-280.69994008296516
24.793109885324384,-111.14516026704425,-287.7277326819119
11.86938529801756,-116.53165753461688,-343.86312198493647
16.33458009572704,-114.45682793121065,-293.9186114059914
17.5377881912743,-108.65366034373206,-296.17465705679047
19.49739515569942,-97.60320061777247,-297.4139795449137
7.367085906354355,-102.89176944987223,-290.2979519470487
21.761277330716553,-86.77323924762287,-282.9700386542512
17.59174044939467,-84.03637215805803,-280.42919669644715
0.7963579167871326,-82.79740763779753,-283.736034966703
33.311451714093735,-96.10502696747204,-287.95771731082453
24.44114768173239,-93.48310679947767,-323.89983299541575
26.829126093272933,-93.6018710932339,-352.4479697917464
19.785734943223932,-90.95516978380363,-344.1850117567398
8.072738855087644,-88.44462100048297,-343.131600524351
0.2515069001830118,-71.66735965268786,-424.7651224223785
-21.202525540137827,-80.08192931542844,-376.873635772895
-51.255272229184534,-66.35837354404865,-382.2812073796637
-23.015487426907804,-69.13611663700583,-392.08162579103316
-50.715444865751266,-65.02722430821298,-360.68483210489075
-60.85627490418337,-79.38666836854648,-359.4227247033991
-61.82692860316545,-67.81432833406974,-420.162849108016
-5.942636289795244,-92.25477112007911,-424.92584443381514
2.833478581844675,-95.99988936818328,-422.35563932545637
-29.12809190371783,-105.4754561273554,-394.22879594485244
-42.07731482780928,-105.34994937638065,-332.9050986885538
-40.04820477247373,-106.29047061598546,-332.8044971675327
-24.016806084099116,-105.2709820601783,-286.43331415489985
-50.94195246240275,-107.16926696919828,-161.29499055694689
-63.94063079713396,-103.5022323952749,-155.69107736861028
-36.803276127699675,-84.35494432487211,-276.91832841180974
-18.080563352686553,-97.1772678852274,-219.8471237353073
-6.274108373288456,-95.8367255577173,-286.4942302767886
-52.37290104161603,-100.06701930017304,-290.7744447871383
-33.401343745412014,-91.78861681549057,-283.1493645585509
-62.89378399878589,-110.33547653245104,-251.79402478939278
-96.60244448814352,-106.23778054390547,-245.32396964322237
-98.4625103140958,-92.63314779779125,-251.50335967078783
-80.82823054740288,-79.73420616741534,-253.58125692253236
-70.48827242023002,-79.11316751700699,-246.5052517514115
-79.05214633455962,-73.08897370152805,-234.67999999909182
-79.73513466574025,-75.73179893919226,-202.27483557641244
-87.83417272349384,-72.64888237707612,-193.96992245097718
-92.71871484355438,-66.74736912546173,-248.179007281553
-106.80260014298864,-72.02990183606775,-312.2400456736715
-103.19475254345085,-73.46706662583877,-209.52267694135892
-92.34404038382172,-70.87355561414711,-151.63687400928177
-77.70283726674629,-69.54176004406249,-194.07980810225405
-90.24950987417932,-55.01247527692008,-201.21439432585368
-89.1875752639007,-57.32835430251337,-227.0159239592418
-88.81115346892342,-54.41277308661798,-273.7295721572067
-87.68777744083145,-62.06145616646659,-324.4592587584982
-98.24169459902882,-62.33009217411741,-308.5390261482233
-79.65773116377949,-60.58399836936195,-323.50093131092547
-69.76988363192832,-58.1173529908909,-334.14590333302834
-54.62593554438559,-64.13112965348947,-319.54521992637143
-63.402930327475715,-58.42602484039054,-311.0644561920292
-51.300076341432,-54.91777145258938,-315.83794241236114
-55.337878796492156,-52.75208596753728,-338.39085027717107
-59.86068710032838,-50.669502722188156,-361.7680192172099
-58.72908718794615,-46.38619977781503,-271.9747983195404
-57.39261679518621,-42.07953813508998,-307.4708938432615
-96.72227537781382,-45.105451544629595,-333.4785365796475
-95.19406187295566,-35.62932262670427,-357.7634742323198
-90.21926145240761,-50.30198604798251,-312.83216149336477
-89.90710483918741,-49.270996950787875,-308.25026609082306
-102.73132574718139,-45.539528422546645,-364.36601468869117
-95.07037333633392,-43.49426974073242,-353.6828992367008
-88.3720437988176,-35.99876075579909,-351.56510025326287
-86.24983195830416,-26.91185726391657,-365.2407650834486
-76.89495898983776,-23.70819616628531,-360.41140811338687
-119.08049313498947,-23.902245716982748,-369.7200404801829
-86.51946808768497,-39.28650864722776,-283.85335181686963
-78.5722075817465,-52.092347958193145,-287.96622837146697
-77.04973365791173,-52.84091695323694,-275.09004417791783
-76.81397964921553,-52.82341054089648,-333.8621601566112
-67.74600117353893,-56.49069626181205,-327.0136174267946
-54.41611949065559,-87.21664898359792,-216.61082442074576
-18.740259046130184,-96.99698509585073,-268.96821555566146
-11.13847557858162,-100.64325642498137,-320.32421509855425
-1.0371210516967324,-97.60755558729105,-372.5669180663489
2.8136899908940007,-73.33968244893778,-497.20264892503604
-2.4969623870898547,-88.15525386106178,-475.854323406705
-9.150219518125313,-90.1015223167336,-462.14381640668074
-37.96737080862755,-89.35953864268832,-433.4751188131607
-37.55291944912787,-87.28663914230214,-333.489934613197
3.23254196209816,-86.37943079429198,-407.5036955868314
-15.543574656049373,-83.60168967776168,-396.1175310560847
-20.936932663376165,-94.31224670227587,-385.24200851175294
-7.4412530400918495,-94.28953815952819,-384.25107744669174
-14.552460755233323,-94.39105098963373,-408.9253131927796
-31.039886141669886,-99.02088507734818,-420.60222728605555
-27.775791247254165,-99.49187871677049,-406.53574774935663
-16.235374327118095,-96.1688950238558,-398.0275684509322
0.5272436784916442,-89.35528305085816,-339.6940716696146
25.726863810017253,-88.41021716591483,-348.2544854628725
68.51118434323749,-94.08501298257742,-372.9744801719262
66.34705804670007,-88.61261744199878,-396.057491528481
46.996124744309434,-94.71628354799239,-395.13403931865446
33.98851158116067,-97.79746376580853,-417.02815994466386
52.30143760720248,-103.7265266496232,-224.15321831227675
41.77771815989574,-100.69950761489301,-210.29642302267402
57.6566352749782,-99.83841226469127,-318.660312192445
59.138897865212684,-86.75930278945741,-412.41830001199327
46.401037757062795,-96.36708807327052,-415.057592635367
9.347305068678653,-122.48977941317851,-260.44451333187766
14.194741320025882,-129.29503576053207,-258.1403788922579
8.423218259087728,-135.35770857279795,-286.21891558892787
4.073261428088442,-127.68491619438693,-274.49713458997644
-5.379310188594755,-120.45151601372974,-168.65939114511605
-9.037238270499813,-110.0432351369395,-211.68413439013992
-19.770089885613917,-109.80074336593619,-297.98267845156056
-24.26120380019581,-103.98693703167827,-284.5347177579707
-74.48442949199044,-100.2487317474529,-190.70521542072242
-78.6542992322234,-101.1891193675496,-174.84720246267688
-71.37820187530492,-107.63862047068234,-188.48217355192043
-73.09143127743722,-102.73279389226717,-215.4407756018397
-67.5711324070605,-99.6830732858547,-217.84661750564848
-93.21701032965107,-97.75597739070794,-216.74783706407857
-89.17931180243727,-96.58652447292499,-204.47174345595283
-87.63518511411252,-90.11461865219448,-201.1676033012725
-103.32491443860785,-84.5714736462883,-196.40034529679554
-87.6011123773454,-77.93678881024071,-201.9336185505483
-88.71622024630372,-75.26246033695357,-200.3365341294899
-69.26082780875328,-68.3459241105455,-254.94133656505923
-63.36063171260737,-69.64349143647769,-236.2401905233526
-72.19075662986542,-81.4882183471312,-296.2604834973594
-24.782193395036767,-85.69399410258174,-196.77009084989348
-31.458138643348477,-72.48062415867952,-233.51899372307946
-53.42472764919396,-62.55396053449108,-264.7456755205372
-61.09581267645493,-73.36692001420536,-336.57644543018455
-62.03568154598046,-64.02001638527943,-446.86573959583774
-53.07103706295616,-61.6399291660577,-488.629130264064
-56.809365876682484,-52.22952749929998,-386.4064538586436
-81.40558551072805,-42.10779977955006,-466.3841385211185
-81.84796770554375,-41.18267257896862,-464.58295011578804
-74.438534427797,-44.06538257838211,-457.89350518841593
-53.93148107508692,-41.31988278897635,-471.18585232548
-61.92434089439459,-48.47495909226333,-376.495564109042
-55.60037466866272,-46.8973570901605,-383.6281844070208
-48.441398353354565,-44.620747547327895,-329.10689336013115
-40.0390753369242,-47.785035183655594,-325.2668746718863
-28.268442404543393,-44.881467986716906,-319.4011954443757
-31.577251920601874,-46.73565372900201,-319.7008691397543
-40.408319994098086,-50.16055832238288,-323.04489712697426
-37.47431476780518,-45.13407477368077,-317.66373270670374
-46.79434641913348,-50.86650322715067,-294.8933518662289
-42.20594786388374,-50.82778725961402,-281.12893949056047
-47.432671046460996,-55.51519690688814,-276.0923972427468
-13.34303547657346,-64.04516112549823,-273.5900019715081
-20.710957467630262,-60.77388913169701,-236.0448467605868
-20.902453331211824,-58.00291809232873,-269.78575692452375
-27.754957122283134,-59.04593959710606,-273.7821258037568
-30.638962624631827,-62.845769335661046,-303.96189090954636
-37.357765073781,-58.817839784080704,-304.3042980752085
-61.69777774423881,-53.9584979340256,-303.8125855685055
-43.796180203346744,-69.51068258590276,-132.86311366365092
-56.932511780533176,-64.54277917742687,-111.93643137524306
-50.576168764083796,-64.84491559806729,-82.08572611687416
-45.1840630236882,-57.22559873454694,-157.162767858762
-47.760673204684835,-55.2896017209806,-152.6311756459722
-59.80104221198621,-54.87980231036184,-65.5721101117665
-55.73228556280941,-53.060734072203225,-89.5216747803473
-50.53266574746415,-53.37253957766024,-76.816707276775
-56.12690748977293,-45.31168068172409,-68.98797158469259
-59.079599835861856,-46.86207588917734,-97.57030552634781
-64.9930483552725,-40.874887619606596,-104.64021220959573
-60.618612643498246,-46.80041884298584,-106.86275489174518
-40.01405057791045,-45.89131210070401,-117.76024862675027
-50.20259488132488,-49.76260822486902,-56.63650904968762
-50.8992333093114,-44.72550318659444,-6.632286166555895
-57.28812605616455,-46.45256441014772,-76.37478062322815
-60.98313239882175,-38.524301105787046,-107.8802980393942
-63.25163779606132,-38.5818010518259,-118.93959524037348
-62.068478847344274,-37.93836709420376,-127.52997705610498
-55.324517997678456,-40.423967225621865,-125.47362688647216
-61.21680303775014,-47.167041205667545,-96.08564573266423
-67.88847686892224,-48.793306993547965,-87.84980717257783
-65.64406620345885,-49.06449549186256,-77.43864306807636
-66.61787627699914,-47.9867967668159,-79.3749697542885
-72.72096736507945,-48.52530251748103,-78.09784431518717
-75.26218250657952,-46.88625787798279,-71.01519888550867
-91.15374026756139,-46.53989450785434,-62.013015069255765
-66.87826591748181,-50.23624349489272,-65.11095944867625
-53.81940412970988,-55.75460394438546,-71.33122172159817
-54.27296528947558,-53.13323388704722,-78.44231082475409
-58.32792884637419,-54.613828500002725,-139.79303708080224
-55.35407188315004,-54.51906278303657,-139.86338781436913
-60.027713375405106,-50.38474810901402,-144.49271942324435
-61.86670201284285,-47.77114245378334,-147.06438318924123
-67.36822114986934,-49.555207385355814,-130.8966122986075
-85.41388617161402,-33.98559569466624,-86.67889974600283
-98.09172454305809,-25.72261366946869,-59.383620591706844
-98.78342495137612,-27.028432742653408,-35.472128877471654
-110.53695875406594,-21.754944473548974,106.05980786541237
-82.09050056006375,-22.274961284592287,161.66498953055006
-59.93177482530712,-29.00710131431602,27.41535175733439
-52.78411260535114,-52.29848298186484,-131.45975913662073
-48.94371426543258,-45.628847369463045,-187.96636073301687
-76.06313225366956,-58.81192830859381,-68.15050728058857
-68.5196165478938,-65.14473619838175,-57.09216725295252
-82.87699460955749,-66.5087167817061,-54.45022493710318
-83.86302542502503,-62.53430729071658,-65.79138459206844
-85.928003749784,-46.64223896220241,-89.67057392910127
-87.7238030350936,-32.00740744808806,-103.4896714051536
-100.88439349320699,-31.638733641736017,-173.31562779753844
-111.85015329260946,-32.310823101814485,-240.22278293234731
-120.13501805863747,-23.60375955256618,-246.2807510676397
-122.6050157440311,-17.658909908148487,-188.35235488105613
-132.13541526266116,-21.16697240003763,-184.93626441367195
-141.0683616504863,-16.745985216221193,-117.43452854044229
-143.62694077493938,-21.989090174266867,-120.21701787446675
-214.98986762328497,-14.36515938846862,-116.34066153708704
-224.51813861899873,-9.059681201302768,-109.25410822626984
-225.9388683059021,-13.3649113716645,-109.9072247749649
-225.2039026781466,-15.562873948488726,-107.35063008627063
-228.24239020680778,-16.110622716786025,-109.88573042736975
-222.54258899992269,-20.66835450685663,-136.36693989031383
-218.77108422089367,-27.212601811328707,-121.11177430733719
-216.7260000606736,-26.11162667140147,-118.42967017141765
-195.57490530863822,-28.154880309349544,-122.06354274379447
-165.92771305481682,-28.48336685358984,-140.74723259708264
-152.30696991264796,-32.812465073616764,-138.8266741197992
-155.17253220918053,-29.396113449539612,-132.75271345608508
-124.44595752512168,-43.81244095069138,-144.27788905525114
-110.4163565651609,-39.22525563547288,-161.44929690693394
-109.15255388814724,-38.745951284291145,-157.89717639148907
-108.8366204656182,-49.11897491415981,-161.93812393335895
-113.08796598260682,-58.712683590989926,-76.41057056094142
-108.54528097692346,-70.14070934399169,-86.3347703570951
-110.5903062423669,-76.14048023470994,-48.95126904481842
-109.96856900915762,-74.6497237470282,-47.91062631449052
-96.89422022994168,-76.08100953831173,-49.16907175044183
-108.53449577386264,-78.21294534634451,-50.67775948529407
-107.71036152794193,-73.93298942660383,-58.67984894641708
-107.83548715368619,-73.94581551425607,-62.21615032775568
-104.16087636634992,-71.08827445862464,-61.56045414167393
-98.84989627290639,-71.99243303693575,-64.146042550948
-86.09904931754816,-67.55965485848974,-89.15028759864624
-87.99002020908287,-69.92421704944798,-90.74073492978373
-83.39533743582446,-71.88259787179125,-85.44271075289267
-83.6949657341223,-53.0159885047924,-71.52265452220654
-81.28016041803735,-49.9099661184746,-66.11013630448471
-79.86135756195505,-48.77687860852494,-42.58642520736349
-74.09284724661094,-49.41774076873755,-56.48383053378399
-75.95390120907267,-48.53832590302475,-51.94207552916954
-105.14025094683606,-37.98515865435944,-54.21353897948174
-106.5102586852578,-34.53342364723515,-57.93574740132464
-104.50017113959886,-36.49326914220213,-58.28282470525691
-93.55111676283092,-23.40201396255234,-84.1545125190706
-94.58947727107291,-23.881659813118684,-79.76451061967506
-94.64903073683257,-24.81436068240639,-75.13754368344497
-92.52672074409944,-25.49213011804314,-91.93262610853103
-92.62932769690636,-26.530632480346572,-92.36399866792993
-91.90880878547192,-26.88107205063175,-92.73164312100505
-89.85484634281073,-28.422390638198557,-92.00575693596258
-89.76537482888908,-28.933731288359596,-92.1723599034771
-90.27123044291375,-29.801881145675498,-92.26822357427935
-89.52141800974248,-29.76743636276421,-93.41191116917575
-87.67352293551495,-30.769133586851364,-92.5306478421771
-87.57309431542616,-31.391791579808046,-92.37731823776478
-89.21399302027883,-31.834228976447942,-92.4690359282626
-90.93992005427509,-32.251157389700985,-94.07091951114161
-92.51561412349966,-32.50048204917887,-95.08062432756763
-90.77747621524512,-32.62218030679709,-94.33550691086496
-91.16035465829579,-33.4813184204598,-94.24354147180935
-91.04010507148786,-33.39152767148006,-94.47236326088412
-89.43592490301509,-34.304043467520486,-95.02516895469567
-88.32480979934901,-34.52007086718206,-94.0205460146523
-88.34895660027838,-34.502203746724255,-94.34925503551266
-86.82151666564582,-35.456526169769155,-93.579491498872
-87.38969795717514,-35.686119946129,-93.52230044807781
-88.42760874910311,-36.27161228173896,-93.16377273377233
-87.37710749687926,-36.13993508034071,-94.84515631990224
-86.82178990339236,-36.39908621108291,-94.78674956325678
-85.49880347966099,-36.9111763477344,-94.59244962534117
-84.3474720931409,-37.37407635589449,-93.71478901946578
-84.58997528650848,-37.885034994346796,-93.69713157522118
-84.32809851849599,-37.66488716081724,-94.04723632447043
-83.65601607663876,-38.02629157879481,-93.57219458948637
-84.58778624505491,-38.38323053703941,-93.21560922544755
-85.36520141905636,-38.81083582296345,-93.03175576594776
-84.72122967606613,-38.75016748937917,-93.81883707270053
-86.52037269048256,-38.615864618637644,-93.93703484016972
-88.7522548738579,-38.410318130387296,-92.81323866667292
-85.0863866120766,-38.75478932353426,-93.07701737229708
-84.73585609445642,-39.22063244131984,-94.45863752680029
-81.19758568961544,-40.01030213542796,-93.75164566890828
-80.88993093390668,-40.42418108665991,-94.79753169344794
-81.02754378014686,-40.87360166665744,-94.51790145064224
-83.28291293492184,-44.07086652094473,-84.98116649599882
-82.33546355958606,-44.82864297140956,-85.06077109449787
-81.85466273502377,-44.76043126960583,-85.58255090877299
-80.19718870920124,-44.967480388495446,-86.61041872748643
-78.42152277923756,-44.50987130212932,-86.65797539439549
-77.09494704783947,-45.392159525010634,-87.34603632722163
-76.4195808617861,-45.56559142822221,-76.23514608617494
-75.07304174654907,-46.74963859715414,-42.43655270341455
-74.09408647239319,-59.810315643670414,-45.179550911902155
-62.07492786557352,-60.12942460086719,-20.860379175379276
-48.467171801247915,-60.251650132752346,-82.41652776843824
-56.307259529484654,-70.92335577662368,-168.1172268962366
-67.7172000445192,-80.89038626101593,-181.40955638055541
-77.1714961127103,-80.70789072323977,-184.53883295958983
-90.81881508418577,-81.21903332854075,-245.0943145923442
-98.26774781561232,-76.20617995804986,-247.67020035902868
-108.60964080393776,-69.09153545906683,-252.337281179399
-115.87730065414486,-73.46329206741679,-276.8917854160906
-138.10329471077176,-55.815537014842675,-272.39580909289856
-115.0638666280753,-61.11823687707911,-171.8017448258466
-116.42853084614734,-61.85488997581864,-171.27739968510178
-121.8488271871379,-62.87650232908287,-173.36473631388088
-117.54310582584465,-60.60107643699689,-169.6363561517302
-100.72819295904908,-60.60103270648573,-167.60388471907393
-92.3625150476049,-61.19265170765716,-167.54454574102542
-97.763081437848,-63.83156467980655,-168.7956135816832
-98.49970787357677,-59.33727957498011,-208.75961268778303
-99.27757952904257,-60.01288424585053,-202.63544740359856
-92.08818804582843,-61.78863334437363,-203.5844060125116
-93.96982405351504,-59.50990982946509,-199.29981538902138
-104.28540831490027,-57.690425575717185,-195.01094354515695
-100.63964299279816,-55.48067550637224,-214.89910748759758
-111.4630154669487,-56.4859982705852,-201.19541242649748
-123.72720061869936,-59.74747804361327,-205.98832594051126
-123.54690438491505,-58.2281657532646,-218.92960798777304
-117.90956455377902,-59.39669314995247,-211.68610370580672
-115.87145443489582,-58.96195528348198,-213.54051795994545
-116.97507072341779,-57.04454470383329,-209.9730662458874
-108.266127774404,-60.02353494692058,-207.23502129896227
-113.88310682397508,-59.16137740604574,-202.5493537325621
-101.69424484314231,-58.77558476135729,-201.74670093617735
-95.6257659835224,-59.155741774113736,-196.29606919578072
-74.35108365913764,-63.937039919378094,-195.84540844617968
-69.25060602150717,-63.64118646409253,-188.21269129324196
-55.71895850557066,-61.24751307296233,-194.68092814072085
-56.509024961438676,-63.07390706982323,-212.35571160836855
-28.95684491208332,-65.80965385531513,-200.3117221133127
-26.359090067686186,-66.9263375526706,-207.59277521179393
-40.75096645923727,-66.11759218186837,-205.13822233173573
-52.86212849310574,-66.42957021245108,-199.14799504961437
-54.35940704812201,-65.4813651012147,-210.8786321526996
-60.51206655537259,-62.82898311114039,-201.5756467162084
-62.392350984570996,-67.8030942105937,-209.8118323941208
-57.97407935814032,-62.486419447802625,-206.9710542789379
-50.73860124937028,-59.017470187658475,-210.9708617885971
-41.54497564661288,-65.07794558644946,-198.21927091131104
-39.49871463765582,-65.74552954616978,-190.48446208626078
-45.97099517188915,-60.89177970370419,-183.23580879426922
-53.34709883564658,-60.528179960642404,-177.4724546635748
-60.41963289722546,-64.57022639564389,-177.91415677900744
-65.22820194719775,-63.43444693262924,-180.55400518168514
-60.59084263509995,-66.68492319291563,-177.78713645826173
-57.36046355277407,-68.40917779644485,-177.49791028988764
-59.97352150136595,-65.45683495694145,-174.48539538431
-63.08533312268309,-64.55486798920668,-170.42089334204672
-68.62407168462859,-62.96323155599418,-188.1258389671455
-67.93186305761556,-58.11623838162437,-178.18772586883102
-67.00587844845553,-58.26684484672755,-187.44754178729994
-62.376248061047214,-60.353001488378155,-192.59066246823897
-106.91851508631991,-63.57930217598337,-186.1214402412454
-116.67966489187702,-46.76174592369625,-186.0582525872117
-113.86320370602982,-38.26881864272629,-189.6905676929133
-119.7709042463979,-37.50065368535061,-186.92749423759787
-120.80829478071063,-34.537615426975556,-179.76404697324855
-127.65580445866911,-30.692203291472374,-174.8604719566714
-115.46093643999538,-33.17963820871687,-156.93786263774533
-115.03670477197328,-29.687760083825978,-152.27904090884726
-114.61905528840192,-29.435864090440727,-142.69242894147771
-111.95915763057603,-30.405644422699634,-148.56610912728758
-98.73911468584382,-34.44160322927967,-149.86278986401715
-100.87750851932823,-37.02767098446707,-149.2836344880568
-100.89468772134533,-38.85892669925631,-151.56942308894676
-86.81738807958519,-44.97815057647705,-153.23891586372295
-91.29822743734337,-50.19287577542295,-159.76654492453227
-82.00970046119025,-50.87944254133487,-169.24728539820603
-85.61512763775787,-44.51821886424022,-165.16576429165383
-87.49599608023436,-44.443823030121195,-158.89956727336855
-89.20962746006549,-46.57393599891589,-164.6169766502222
-91.65098660705455,-61.80407650288908,-213.62848425549845
-75.44468422038435,-16.536754895189006,-224.03820495164996
-67.64590544398712,-25.31514834569443,-266.1979992396774
-70.90448238166879,-26.23467622332602,-275.2749883403152
-82.9861559878024,-21.148056966825482,-297.16879150403804
-91.48332665474092,-26.23120709797412,-299.67819686846485
-94.40872021125197,-22.75059171516746,-299.40823325020693
-104.34420603360482,-45.84066248849576,-293.07258376904286
-103.48554411107071,-45.883621431473934,-276.8663900892648
-101.09098516417453,-42.07767642192298,-235.40029557739356
-101.56697857339566,-42.26817493075309,-228.91513078780136
-108.37388430239992,-36.881361436000425,-229.08230745968078
-105.17533116455554,-37.663665728117365,-231.72173477034605
-97.78091362745018,-39.461193988892596,-227.5732657770769
-99.22444627795329,-42.68391514738882,-209.92541957018673
-96.24235167722891,-42.16848643560167,-209.47273236276607
-105.67122150570816,-40.30872712709879,-205.00889782084246
-114.70287225384523,-42.76576252121042,-205.24207430384251
-114.47816223357272,-43.88890154816054,-204.31594686768722
-109.15742581827305,-47.001817785730225,-203.198135217225
-105.08655933534979,-47.58917586163354,-210.00877728095386
-107.3604025885307,-45.74944666730853,-208.01963946030637
-89.44394900047249,-44.405736087383175,-208.78512750170054
-85.66628474346457,-47.108393900002824,-206.47506142101037
-88.13620588505859,-47.62316607475459,-195.43562495507229
-86.07190337607835,-47.00194433546327,-187.93323275725268
-76.65743736696196,-47.01453245326077,-184.92064661607043
-79.71184826122267,-53.68082812077143,-187.06613790973287
-77.85207600315974,-58.65522585411994,-185.18489391247007
-93.41517127705274,-59.22996993140517,-169.22963457635745
-83.49204703557434,-61.344591555553,-145.46076241840558
-82.1617255104183,-70.2427574228031,-159.857912610314
-83.49202326973693,-72.98705548953944,-149.56640721850917
-70.60640476123805,-71.5357114786627,-146.92761210787327
-73.3078437950445,-63.07150299962737,-141.64912017598934
-85.43676121926345,-59.14258068219018,-140.72895117503282
-96.57916962844811,-57.6506983224557,-138.89598815985318
-92.6839476412488,-58.733706830442046,-134.78376055978782
-91.39863835357856,-57.983686655197076,-135.25007847073937
-102.96834744955676,-55.606875285168975,-130.53748860738932
-88.60785913014386,-51.73141129284857,-185.08065929168282
-72.78541951640389,-52.471877537740404,-165.89940173780758
-51.97079576302535,-52.91368146161637,-168.71229387611828
-78.61988051393723,-59.814714568161875,-167.79813883485022
-101.29103358060549,-44.16913096937335,-175.9838995661212
-91.17571895551833,-47.31948410232436,-177.016045980482
-91.18168858792203,-57.22655719209882,-199.95978548043976
-106.34447255887727,-51.39102147406843,-200.67838778945548
-127.94894725480272,-45.09802041775731,-203.43139133884517
-114.12513610631439,-43.20066319261458,-200.79669809667553
-125.96313987676324,-44.46090489670472,-206.40154047284753
-125.11101293654168,-40.729090563169045,-207.6365915617369
-129.7090959308161,-40.47077590918092,-214.70636624471217
-119.52703916234387,-39.096531471106964,-207.4599286710617
-118.55175051433525,-38.04209935449237,-209.00214633461258
-116.23312156498187,-36.68961621051089,-204.7028247598334
-117.82441859494641,-34.85565964439345,-202.89102592291314
-115.37730215799992,-34.44754089283134,-193.52312771959373
-111.47928925417521,-40.79003789851934,-188.4488148107841
-106.4474791440409,-43.492033741951346,-188.66170132990652
-93.7023932119753,-41.63871438127776,-192.22266822159548
-102.50710166460988,-42.71934116314167,-184.24011573927757
-114.15431141785966,-47.565901502572444,-194.82711291955835
-115.29916244901047,-47.41733776935913,-178.66012594285388
-110.63976405973621,-45.83017261828345,-175.8000790739256
-104.79986644026012,-48.27980095939551,-168.5088916988268
-101.1028445313082,-49.3920054186278,-137.76858718314472
-106.75479112216692,-49.04039081820167,-152.6756903173363
-103.69204628634884,-51.55045740259577,-145.28699709685858
-99.5524960138326,-48.771372353815686,-137.39603834357825
-110.86620255944985,-48.76366091497811,-139.8711153510323
-109.16829186175138,-49.00129467169852,-139.3272679048064
-111.81393579352661,-43.75405261633078,-135.67632809261514
-99.36035236187014,-39.902288197853316,-148.89977397582174
-91.29020160391916,-42.33211466474694,-151.66431853636453
-89.3756556731601,-45.093265006147796,-148.54352265211506
-82.22582078784774,-52.64855184374445,-163.26958431348763
-81.36172992729594,-59.045934815692135,-164.91536310734378
-70.145295693321,-64.56241241686978,-167.05162591825686
-61.990551022262196,-71.4185286211791,-175.65052893716538
-57.35455173192294,-74.31602601508139,-175.03703821388802
-56.6848021910584,-78.30900882148111,-180.6423525624845
-52.292962203947454,-84.3045762980729,-180.14708096351774
-48.78216272534718,-85.98396284027885,-171.07139033082763
-62.523266878036296,-74.65451260042418,-171.04113946778233
-23.088275441824678,-77.58011346576744,-175.28931042650933
-10.415702464198045,-78.65780213270163,-156.6281514125635
-32.33530966651229,-68.64420212612065,-151.85022129818313
-36.806539341353194,-54.17935368426469,-141.42159660376123
-0.7614064051924824,-28.113341610091606,-139.2771647566312
20.35699826123086,-28.7138702528807,-118.11271219081843
17.355270198320092,-27.978250593420285,-120.5236394911759
18.55180521162777,-28.819698680332884,-149.24667036751984
4.495478601601445,-33.53430798236077,-135.63691412107528
-5.381298497526715,-38.70915973941078,-136.13095335336027
-8.884208548995245,-41.83322590781427,-142.59819028355955
-12.055608416763581,-41.262868993794406,-152.28581199912333
-6.959892997282922,-38.799962620254476,-158.31338867571978
-13.613536955839464,-40.113493316257994,-142.44628782988636
-21.703137920627327,-37.342448112522185,-144.25598207010054
-18.77308454614366,-38.78100854367298,-144.87492000785244
-20.969171712941687,-37.18655249332989,-145.19533119697857
-30.165972004635027,-35.782219245598846,-139.89447473649443
-45.25870371163324,-30.407766481551853,-136.0563733775884
-35.09135800983597,-29.98591327649989,-144.44602854666834
-27.892629689361573,-28.753891401589815,-156.12726359253006
-22.338998781729778,-29.42446133950076,-149.31766215713168
-27.044031740445693,-29.85467299495882,-148.66830401115766
-18.133797144477082,-29.784292887600834,-144.83232872305723
-35.02504292720776,-32.04123879107495,-147.54226654098616
-22.565150967637074,-35.043962308029535,-149.8109940702798
5.168358201481617,-41.18922303967247,-148.0092408291969
38.32634557289864,-46.02394785246673,-150.6698381637886
34.88765728651052,-44.83878430331246,-149.66047735353166
41.46245126502128,-42.35288014113648,-153.12068601837206
34.569348056557004,-47.01604245560224,-147.18184364024492
61.482336433009785,-54.84042622346837,-149.8164146716248
67.49419189859765,-50.87986644646631,-168.48133823190895
80.95841337082413,-47.950733118735016,-168.24649536908177
74.85437953518915,-47.015057445271715,-167.61577520937152
78.46819358794107,-48.04306806987982,-167.90901551424986
86.2444772513613,-47.137973429817244,-159.27925871542712
63.149470850280835,-36.98183269627677,-162.74405805509434
49.23239163039611,-36.13073647191945,-159.68181162713867
46.128766800690805,-34.685130831220796,-160.38289100778408
41.81376385400019,-37.12216100707829,-155.8508398103052
37.003504433687134,-36.14310040405805,-143.68196753346456
47.570573042604074,-39.390840351972386,-137.73398198419855
40.08221379654038,-39.84784372019878,-131.45459763583708
51.0172527645226,-39.77129121392014,-132.64673964242317
50.90772863588674,-39.94454894096421,-132.8395205162394
46.19303539676514,-40.49222732880104,-118.01927300742238
27.602346365012725,-36.93806327128387,-114.81144442679174
39.57784010905681,-39.652225635480946,-116.5374412064118
44.21569118875358,-45.91475070088291,-114.11492381685396
37.19263378170875,-44.96471872912971,-120.74241274075258
55.87168094269416,-47.15868265378665,-143.69413575737468
39.569070981398724,-48.67914812320375,-146.36967523239346
38.34610391155126,-50.00233588469962,-125.92581481030398
16.91806997774035,-48.0606606346735,-143.9143234683859
53.19627792113504,-32.94295269824146,-125.36420044881346
29.62417047223315,-28.70548017999442,-124.81503307428262
3.785543525457811,-37.49666431843832,-131.25625484713962
-6.092516186404726,-43.39340889659186,-133.28614358458722
-39.889463782535195,-48.635644026493885,-142.79767402057323
-23.41257663636882,-53.20435506095139,-129.4952843963063
-31.515228241465397,-60.02002260034696,-130.58643847217155
-20.926678506300934,-52.877892088372434,-137.51943727126877
-43.74628147784768,-60.73177666181037,-131.32084806947242
-48.66938015178707,-65.54585743481049,-143.21019512358637
-81.70955848476855,-42.514723754601725,-135.3908042491855
-104.78776728356276,-45.665312535079956,-112.39046776580568
-98.29367207414133,-40.90484108119038,-131.6423142757706
-99.32520072719664,-37.82760748563607,-142.54244240657397
-98.9371968504061,-41.074992147632045,-139.26708521305846
-96.6846989764148,-52.45802633252951,-138.06018945277742
-90.52878059600471,-52.414106309853445,-137.5142648512613
-81.61583178407503,-53.188723512361705,-133.99091075714273
-74.01422667744747,-55.12980440401015,-134.57121372816113
-82.40435281036065,-54.900302757051385,-147.94783381651612
-86.39384753406144,-59.45549934817075,-149.85435761444586
-71.69147826553002,-64.17129875434014,-144.44992845665374
-58.0465488673869,-63.93255266417553,-163.47008840906105
-62.521569574451085,-62.01033406200787,-150.9941469622368
-60.89283388223387,-62.11999898333906,-145.95743541868217
-57.91866940074838,-62.385128577442536,-125.84155384942002
-69.40752386287812,-62.67975061312129,-138.65321843783198
-57.81667010263952,-60.714190417203,-136.10069357360106
-52.661338509361094,-60.80806616268721,-133.85851077520243
-52.19768337531755,-62.9115210732594,-129.23826527807492
-49.37930349962679,-57.93807118782815,-129.30609049480395
-56.87126731611012,-55.24753126086523,-133.548149209773
-68.29274043700819,-52.99559867872988,-137.53817288633135
-59.48301380962794,-55.74694973463548,-139.38800205000226
-61.0050271073493,-60.17348430123891,-134.5344570405326
-65.76511247404194,-59.54286221568913,-138.6321172481467
-60.935622666835656,-59.449899402176484,-137.39672004546995
-57.380593628320426,-61.00889781936582,-140.81814631747656
-55.46169361699218,-58.20231883257211,-163.17549320078535
-48.00950254329226,-65.77095835454531,-120.28305606959795
-46.45044578222509,-61.796173654075496,-130.28427428943698
-56.38238507704381,-56.03279371913073,-132.49385178712726
-57.72035008626599,-56.38337873760503,-111.7144623351009
-49.815730468342686,-62.733382453472025,-118.63391673441032
-54.92260507500809,-64.62237317551016,-121.00489160666365
-53.13487774788127,-66.12201017908512,-119.18951999404358
-61.42901141509031,-69.89004625358317,-123.0690141923079
-58.47919257708516,-69.53315823864878,-107.22326457713254
-69.15666762303259,-63.641969541849036,-111.72226408246479
-56.43489754502168,-70.71537414317955,-104.23543845790132
-72.05913834618077,-74.62948005249021,-110.3046760142764
-88.22808379183357,-72.96263494039322,-111.15618915620094
-87.89477691525694,-69.73718437509878,-103.66824237845896
-88.55191077513594,-70.95343346066471,-142.74078428861876
-91.85993157570788,-69.33671793245276,-123.89486203861314
-102.41910403377531,-66.35785447719292,-134.52200202599104
-103.77740779626895,-66.10816587986709,-142.77027188823243
-101.06031237140529,-69.11391398912045,-131.34917320796362
-104.18473152977707,-65.75114281903777,-144.26504896537952
-105.62089950325006,-65.24791571251036,-146.08261499357297
-97.62365473636184,-66.113799779203,-135.08341527596423
-74.9874315775408,-71.77172365986915,-139.01881602691927
-72.52096180062442,-69.40060391315087,-146.87482298548886
-58.74855668542484,-74.33228336037779,-152.93012298592865
-46.8955369704237,-79.06219586381079,-147.17427842597422
-44.47342911729063,-79.9903773831946,-150.5675365274725
-56.348540572209956,-74.1468150329618,-138.01173752292632
-58.80246762115625,-71.72995628518956,-131.9761451745416
-68.26294651936085,-69.87123070043391,-133.42966448294308
-54.20307891663121,-71.61734436726508,-148.82385948255597
-57.84633761372803,-71.2686108537657,-134.77652460649068
-50.4893980701661,-79.32474210617494,-104.25093079882402
-57.295898454658214,-78.90187115477602,-130.0367957548582
-71.20404646418515,-78.70726723957323,-116.07930485516178
-86.22223075108697,-69.66687548136669,-121.60833210117858
-80.37476627994027,-64.48434006702928,-122.59789704220523
-85.7705956308728,-69.31745206305138,-113.94062502244016
-87.28494120892653,-62.6954941089195,-100.99934258205815
-70.3463262603226,-62.03506006451832,-87.10652071023995
-59.37302134118494,-67.79321631204525,-96.17821827279874
-64.25109222727748,-64.65972752490333,-106.86903194764191
-62.69046166631398,-67.51438269554755,-112.86915007845387
-69.83570728144426,-58.75034794793235,-119.66906634928478
-62.992667010698185,-53.711665004010065,-115.70114543105805
-60.58730157669703,-48.947766744868055,-116.31248875476116
-33.705662655060415,-49.478200640962385,-119.53005328306399
-60.38304629962943,-47.44548548782426,-118.0509001533005
-57.875245993999,-55.07202032069735,-114.27632975354443
